Epoch,Open,High,Low,Close,Volume
2013-04-15 00:00:00-04:00,158.0,158.13,155.17,155.22,30592535
2013-04-16 00:00:00-04:00,156.29,157.49,155.91,157.36,20604915
2013-04-17 00:00:00-04:00,156.29,156.32,154.29,155.09,31317790
2013-04-18 00:00:00-04:00,155.37,155.4,153.55,154.13,23206007
2013-04-19 00:00:00-04:00,154.5,155.55,154.13,155.47,19395560
2013-04-22 00:00:00-04:00,155.78,156.54,154.75,156.19,14632247
2013-04-23 00:00:00-04:00,156.95,157.93,156.17,157.82,20643623
2013-04-24 00:00:00-04:00,157.83,158.3,157.54,157.87,12641469
2013-04-25 00:00:00-04:00,158.34,159.26,158.11,158.54,15964279
2013-04-26 00:00:00-04:00,158.33,158.59,157.73,158.25,13536599
2013-04-29 00:00:00-04:00,158.665,159.65,158.43,159.28,9732959
2013-04-30 00:00:00-04:00,159.27,159.72,158.61,159.64,12888614
2013-05-01 00:00:00-04:00,159.33,159.405,158.1,158.27,14704730
2013-05-02 00:00:00-04:00,158.67,159.89,158.54,159.74,12391956
2013-05-03 00:00:00-04:00,161.14,161.88,161.04,161.36,16613244
2013-05-06 00:00:00-04:00,161.49,162.0,161.42,161.79,7598182
2013-05-07 00:00:00-04:00,162.13,162.645,161.67,162.59,9958576
2013-05-08 00:00:00-04:00,162.42,163.38,162.34,163.34,12477070
2013-05-09 00:00:00-04:00,163.26,163.7,162.475,162.85,11975515
2013-05-10 00:00:00-04:00,162.99,163.49,162.51,163.47,11999209
2013-05-13 00:00:00-04:00,163.2,163.81,162.83,163.56,10689927
2013-05-14 00:00:00-04:00,163.67,165.34,163.67,165.27,14373750
2013-05-15 00:00:00-04:00,164.965,166.44,164.91,166.12,15189898
2013-05-16 00:00:00-04:00,165.77,166.36,165.1,165.26,14537781
2013-05-17 00:00:00-04:00,165.95,167.04,165.73,167.02,16681133
2013-05-20 00:00:00-04:00,166.78,167.58,166.61,166.93,12927416
2013-05-21 00:00:00-04:00,167.08,167.8,166.5,167.21,13152338
2013-05-22 00:00:00-04:00,167.33,169.07,165.18,165.84,34877988
2013-05-23 00:00:00-04:00,164.16,165.91,163.95,165.44,26094135
2013-05-24 00:00:00-04:00,164.47,165.33,163.99,165.29,16541055
2013-05-28 00:00:00-04:00,167.06,167.78,165.81,166.37,19385831
2013-05-29 00:00:00-04:00,165.42,165.8,164.34,165.26,25365157
2013-05-30 00:00:00-04:00,165.35,166.59,165.23,165.86,15257200
2013-05-31 00:00:00-04:00,165.37,166.31,163.58,163.59,20299699
2013-06-03 00:00:00-04:00,163.84,164.46,162.66,164.39,22822467
2013-06-04 00:00:00-04:00,164.44,165.1,162.73,163.51,21561936
2013-06-05 00:00:00-04:00,163.1,163.42,161.13,161.31,28317893
2013-06-06 00:00:00-04:00,161.2,162.72,160.26,162.71,23462203
2013-06-07 00:00:00-04:00,163.85,164.94,163.14,164.79,21486075
2013-06-10 00:00:00-04:00,165.31,165.4,164.38,164.77,12484682
2013-06-11 00:00:00-04:00,163.28,164.53,162.74,163.11,19957311
2013-06-12 00:00:00-04:00,164.22,164.39,161.6,161.76,21835426
2013-06-13 00:00:00-04:00,161.64,164.5,161.3,164.22,19002891
2013-06-14 00:00:00-04:00,164.03,164.66,162.91,163.19,14402773
2013-06-17 00:00:00-04:00,164.3,165.21,163.56,164.47,15361958
2013-06-18 00:00:00-04:00,164.53,165.99,164.52,165.75,10703558
2013-06-19 00:00:00-04:00,165.66,165.88,163.44,163.47,23475259
2013-06-20 00:00:00-04:00,161.86,162.1,158.98,159.43,35955081
2013-06-21 00:00:00-04:00,159.63,159.76,157.475,158.96,32068523
2013-06-24 00:00:00-04:00,157.41,158.42,155.74,157.06,30238461
2013-06-25 00:00:00-04:00,158.48,159.16,157.43,158.59,18997136
2013-06-26 00:00:00-04:00,159.87,160.5,159.25,160.13,17271634
2013-06-27 00:00:00-04:00,161.1,161.82,160.95,161.14,16705418
2013-06-28 00:00:00-04:00,160.63,161.4,159.87,160.51,20130316
2013-07-01 00:00:00-04:00,161.26,162.48,161.08,161.32,17444454
2013-07-02 00:00:00-04:00,161.12,162.3,160.5,161.23,16634036
2013-07-03 00:00:00-04:00,160.48,161.76,160.22,161.35,8854772
2013-07-05 00:00:00-04:00,162.47,163.07,161.3,163.03,14164754
2013-07-08 00:00:00-04:00,163.87,164.39,163.58,163.94,14524738
2013-07-09 00:00:00-04:00,164.97,165.33,164.28,165.11,16405970
2013-07-10 00:00:00-04:00,164.97,165.74,164.63,165.19,17551603
2013-07-11 00:00:00-04:00,167.11,167.6,166.54,167.42,14477501
2013-07-12 00:00:00-04:00,167.4,167.85,167.13,167.78,11793392
2013-07-15 00:00:00-04:00,167.97,168.38,167.69,168.17,9004596
2013-07-16 00:00:00-04:00,168.26,168.36,167.07,167.53,10503112
2013-07-17 00:00:00-04:00,168.16,168.47,167.73,167.97,11556468
2013-07-18 00:00:00-04:00,168.31,169.26,168.21,168.9,11701117
2013-07-19 00:00:00-04:00,168.52,169.16,168.31,169.16,10963084
2013-07-22 00:00:00-04:00,169.41,169.73,169.02,169.49,9040360
2013-07-23 00:00:00-04:00,169.8,169.83,169.05,169.2,8918265
2013-07-24 00:00:00-04:00,169.8,169.85,168.18,168.54,14007432
2013-07-25 00:00:00-04:00,168.22,169.07,167.94,169.0,12165511
2013-07-26 00:00:00-04:00,168.22,169.16,167.52,169.1,12354349
2013-07-29 00:00:00-04:00,168.68,169.06,168.11,168.525,9126067
2013-07-30 00:00:00-04:00,169.1,169.27,168.2,168.59,10284717
2013-07-31 00:00:00-04:00,168.96,169.85,168.49,168.71,17260379
2013-08-01 00:00:00-04:00,169.98,170.805,169.9,170.64,13931960
2013-08-02 00:00:00-04:00,170.28,170.94,170.05,170.94,10317122
2013-08-05 00:00:00-04:00,170.57,170.96,170.36,170.7,5711937
2013-08-06 00:00:00-04:00,170.37,170.51,169.35,169.75,7834060
2013-08-07 00:00:00-04:00,169.19,169.42,168.55,169.19,10390266
2013-08-08 00:00:00-04:00,169.98,170.17,168.93,169.87,10140087
2013-08-09 00:00:00-04:00,169.58,170.09,168.72,169.26,12245576
2013-08-12 00:00:00-04:00,168.46,169.31,168.39,169.13,8325599
2013-08-13 00:00:00-04:00,169.41,169.9,168.41,169.63,10333259
2013-08-14 00:00:00-04:00,169.53,169.79,168.7,168.75,10024050
2013-08-15 00:00:00-04:00,167.41,167.41,166.09,166.39,18369096
2013-08-16 00:00:00-04:00,166.07,166.63,165.5,165.85,14405054
2013-08-19 00:00:00-04:00,165.64,166.21,164.84,164.84,10985907
2013-08-20 00:00:00-04:00,165.05,166.2,164.87,165.57,11435419
2013-08-21 00:00:00-04:00,165.14,166.02,164.19,164.56,20351140
2013-08-22 00:00:00-04:00,164.9,166.3,164.9,166.0,11804507
2013-08-23 00:00:00-04:00,166.54,166.82,165.78,166.61,9622488
2013-08-26 00:00:00-04:00,166.79,167.3,165.9,165.99,9972988
2013-08-27 00:00:00-04:00,164.36,164.97,163.22,163.39,16914458
2013-08-28 00:00:00-04:00,163.26,164.49,163.06,163.9,11389362
2013-08-29 00:00:00-04:00,163.55,165.03,163.4,164.17,10772019
2013-08-30 00:00:00-04:00,164.51,164.53,163.18,163.66,14570204
2013-09-03 00:00:00-04:00,165.23,165.57,163.71,164.33,16307387
2013-09-04 00:00:00-04:00,164.44,166.03,164.135,165.76,11325969
2013-09-05 00:00:00-04:00,165.85,166.4,165.74,165.91,8074814
2013-09-06 00:00:00-04:00,166.51,166.98,164.49,165.96,18682051
2013-09-09 00:00:00-04:00,166.45,167.73,166.45,167.62,10195593
2013-09-10 00:00:00-04:00,168.63,168.9,168.26,168.88,13357868
2013-09-11 00:00:00-04:00,168.64,169.38,168.35,169.37,11208174
2013-09-12 00:00:00-04:00,169.34,169.56,168.72,168.91,11680436
2013-09-13 00:00:00-04:00,169.13,169.46,168.74,169.37,9921614
2013-09-16 00:00:00-04:00,171.16,171.24,170.04,170.31,12411532
2013-09-17 00:00:00-04:00,170.47,171.11,170.47,171.04,9054575
2013-09-18 00:00:00-04:00,171.01,173.52,170.58,173.09,22766270
2013-09-19 00:00:00-04:00,173.52,173.6,172.59,172.77,14956220
2013-09-20 00:00:00-04:00,172.32,172.32,170.59,170.73,15703618
2013-09-23 00:00:00-04:00,170.49,170.65,169.4,169.93,11041152
2013-09-24 00:00:00-04:00,169.9,170.52,169.22,169.51,11299809
2013-09-25 00:00:00-04:00,169.64,169.92,168.9,169.07,13804401
2013-09-26 00:00:00-04:00,169.33,170.17,169.06,169.66,11165143
2013-09-27 00:00:00-04:00,168.83,169.13,168.48,168.9,11279309
2013-09-30 00:00:00-04:00,167.48,168.54,167.15,168.0,18484802
2013-10-01 00:00:00-04:00,168.14,169.49,168.01,169.28,14940759
2013-10-02 00:00:00-04:00,168.35,169.21,167.83,169.17,11657509
2013-10-03 00:00:00-04:00,168.79,168.93,166.845,167.73,22601689
2013-10-04 00:00:00-04:00,167.75,169.06,167.53,168.87,11923164
2013-10-07 00:00:00-04:00,167.42,168.45,167.25,167.46,11794668
2013-10-08 00:00:00-04:00,167.4,167.62,165.37,165.4,24862496
2013-10-09 00:00:00-04:00,165.8,166.2,164.53,165.56,25352747
2013-10-10 00:00:00-04:00,167.29,169.24,167.23,169.16,21695381
2013-10-11 00:00:00-04:00,168.92,170.31,168.78,170.26,12783942
2013-10-14 00:00:00-04:00,169.21,171.07,169.08,170.94,13917277
2013-10-15 00:00:00-04:00,170.51,171.14,169.48,169.75,21301888
2013-10-16 00:00:00-04:00,170.72,172.16,170.64,172.06,20792735
2013-10-17 00:00:00-04:00,171.36,173.31,171.35,173.21,15921371
2013-10-18 00:00:00-04:00,173.86,174.51,173.51,174.38,15433376
2013-10-21 00:00:00-04:00,174.44,174.75,174.01,174.4,9812079
2013-10-22 00:00:00-04:00,174.91,175.92,174.66,175.44,16941441
2013-10-23 00:00:00-04:00,174.81,174.89,173.97,174.58,15612751
2013-10-24 00:00:00-04:00,174.92,175.37,174.51,175.14,9834176
2013-10-25 00:00:00-04:00,175.51,175.945,175.17,175.92,11267688
2013-10-28 00:00:00-04:00,175.89,176.47,175.7,176.25,9394289
2013-10-29 00:00:00-04:00,176.61,177.19,176.39,177.19,9056441
2013-10-30 00:00:00-04:00,177.38,177.51,175.67,176.29,19619614
2013-10-31 00:00:00-04:00,176.15,176.88,175.53,175.78,17227999
2013-11-01 00:00:00-04:00,176.02,176.6,175.22,176.23,20424396
2013-11-04 00:00:00-05:00,176.69,176.9,176.15,176.83,8302678
2013-11-05 00:00:00-05:00,176.14,176.74,175.57,176.27,12309747
2013-11-06 00:00:00-05:00,177.06,177.5,176.54,177.15,10822860
2013-11-07 00:00:00-05:00,177.5,177.64,174.76,174.92,25283647
2013-11-08 00:00:00-05:00,174.88,177.25,174.87,177.18,19390027
2013-11-11 00:00:00-05:00,177.13,177.52,176.92,177.3,8319883
2013-11-12 00:00:00-05:00,176.935,177.36,176.37,176.94,12315526
2013-11-13 00:00:00-05:00,176.09,178.4,176.09,178.37,13211131
2013-11-14 00:00:00-05:00,178.54,179.415,178.25,179.28,14488117
2013-11-15 00:00:00-05:00,179.56,180.06,179.33,180.05,11039894
2013-11-18 00:00:00-05:00,180.35,180.49,179.03,179.41,13331411
2013-11-19 00:00:00-05:00,179.33,179.87,178.72,179.01,12437194
2013-11-20 00:00:00-05:00,179.39,179.92,177.99,178.47,20053221
2013-11-21 00:00:00-05:00,178.97,180.045,178.87,179.91,10243745
2013-11-22 00:00:00-05:00,179.97,180.825,179.77,180.76,8867920
2013-11-25 00:00:00-05:00,181.13,181.16,180.38,180.64,9538970
2013-11-26 00:00:00-05:00,180.73,181.21,180.41,180.68,9726942
2013-11-27 00:00:00-05:00,180.875,181.24,180.65,181.14,7052585
2013-11-29 00:00:00-05:00,181.33,181.745,180.8,180.97,6336553
2013-12-02 00:00:00-05:00,181.08,181.43,180.26,180.5,11083174
2013-12-03 00:00:00-05:00,179.94,180.39,179.175,179.89,13859851
2013-12-04 00:00:00-05:00,179.09,180.48,178.35,179.7,17619741
2013-12-05 00:00:00-05:00,179.41,179.735,178.78,178.99,14640755
2013-12-06 00:00:00-05:00,180.67,181.11,180.155,180.97,15060966
2013-12-09 00:00:00-05:00,181.47,181.665,181.17,181.37,8065150
2013-12-10 00:00:00-05:00,180.99,181.36,180.64,180.75,8908971
2013-12-11 00:00:00-05:00,180.81,180.84,178.505,178.71,17479942
2013-12-12 00:00:00-05:00,178.63,178.85,177.77,178.1,16540296
2013-12-13 00:00:00-05:00,178.5,178.66,177.77,178.09,12616178
2013-12-16 00:00:00-05:00,178.94,179.81,178.91,179.21,10962705
2013-12-17 00:00:00-05:00,179.37,179.41,178.26,178.66,10004805
2013-12-18 00:00:00-05:00,178.93,181.7,177.33,181.6,27974735
2013-12-19 00:00:00-05:00,181.19,181.7,180.72,181.53,15316166
2013-12-20 00:00:00-05:00,180.67,181.98,180.66,181.6,15551335
2013-12-23 00:00:00-05:00,182.41,182.64,182.07,182.48,10632879
2013-12-24 00:00:00-05:00,182.55,183.0,182.53,182.97,5378604
2013-12-26 00:00:00-05:00,183.33,183.96,183.32,183.86,7053618
2013-12-27 00:00:00-05:00,184.1,184.18,183.66,183.85,7100857
2013-12-30 00:00:00-05:00,183.87,184.02,183.59,183.8,5883492
2013-12-31 00:00:00-05:00,184.07,184.68,183.93,184.52,9727137
2014-01-02 00:00:00-05:00,183.98,184.07,182.48,182.93,13239741
2014-01-03 00:00:00-05:00,183.21,183.6,182.635,182.88,9657899
2014-01-06 00:00:00-05:00,183.47,183.55,182.08,182.36,12351235
2014-01-07 00:00:00-05:00,183.09,183.79,182.96,183.48,9055868
2014-01-08 00:00:00-05:00,183.45,183.825,182.9,183.51,12318755
2014-01-09 00:00:00-05:00,184.1,184.13,182.8,183.62,11548447
2014-01-10 00:00:00-05:00,183.95,184.21,183.01,184.06,11631382
2014-01-13 00:00:00-05:00,183.71,184.18,181.35,181.68,15378673
2014-01-14 00:00:00-05:00,182.28,183.77,181.95,183.69,12773454
2014-01-15 00:00:00-05:00,184.1,184.94,184.01,184.67,11762578
2014-01-16 00:00:00-05:00,184.28,184.49,183.84,184.43,8571419
2014-01-17 00:00:00-05:00,184.11,184.45,183.325,183.66,10902056
2014-01-21 00:00:00-05:00,184.7,184.77,183.05,184.16,10596534
2014-01-22 00:00:00-05:00,184.49,184.56,183.91,184.34,7984146
2014-01-23 00:00:00-05:00,183.36,183.39,181.83,182.745,14602130
2014-01-24 00:00:00-05:00,181.6,181.65,178.93,178.95,27182287
2014-01-27 00:00:00-05:00,179.07,179.51,177.12,178.05,26939760
2014-01-28 00:00:00-05:00,178.15,179.3,178.13,179.11,14393683
2014-01-29 00:00:00-05:00,177.56,178.545,176.88,177.35,28271372
2014-01-30 00:00:00-05:00,178.87,179.805,178.265,179.31,14471151
2014-01-31 00:00:00-05:00,177.02,179.285,176.93,178.095,19844816
2014-02-03 00:00:00-05:00,177.95,178.37,173.83,174.12,35256849
2014-02-04 00:00:00-05:00,174.95,175.83,174.35,175.4,23871900
2014-02-05 00:00:00-05:00,174.79,175.56,173.71,175.12,20794257
2014-02-06 00:00:00-05:00,175.58,177.48,175.58,177.39,14508857
2014-02-07 00:00:00-05:00,178.31,179.865,177.74,179.66,19896971
2014-02-10 00:00:00-05:00,179.7,180.06,179.21,180.01,8963285
2014-02-11 00:00:00-05:00,180.16,182.43,180.07,181.975,15888614
2014-02-12 00:00:00-05:00,182.22,182.83,181.71,182.06,13897741
2014-02-13 00:00:00-05:00,180.85,183.2,180.83,183.1,14307783
2014-02-14 00:00:00-05:00,182.85,184.36,182.67,184.02,11943400
2014-02-18 00:00:00-05:00,184.19,184.49,183.655,184.24,8961237
2014-02-19 00:00:00-05:00,183.77,184.95,182.87,183.09,15880541
2014-02-20 00:00:00-05:00,183.27,184.52,182.61,184.2,13127728
2014-02-21 00:00:00-05:00,184.49,184.89,183.81,183.9,11379229
2014-02-24 00:00:00-05:00,184.28,186.15,184.2,185.04,14265351
2014-02-25 00:00:00-05:00,185.03,185.58,184.23,184.83,15715447
2014-02-26 00:00:00-05:00,185.13,185.6,184.33,184.83,14527196
2014-02-27 00:00:00-05:00,184.59,185.81,184.38,185.79,12677325
2014-02-28 00:00:00-05:00,185.79,187.14,185.06,186.22,21169915
2014-03-03 00:00:00-05:00,184.69,185.45,183.75,184.85,22598763
2014-03-04 00:00:00-05:00,186.75,187.98,186.75,187.68,22814642
2014-03-05 00:00:00-05:00,187.72,188.07,187.45,187.76,12020661
2014-03-06 00:00:00-05:00,188.21,188.61,187.895,188.13,11173061
2014-03-07 00:00:00-05:00,188.87,188.95,187.43,188.19,14955745
2014-03-10 00:00:00-04:00,187.94,188.23,187.09,188.125,9328894
2014-03-11 00:00:00-04:00,188.44,188.705,186.8,187.2,13397650
2014-03-12 00:00:00-04:00,186.32,187.34,185.9,187.28,13347454
2014-03-13 00:00:00-04:00,187.84,187.99,184.67,185.15,21976683
2014-03-14 00:00:00-04:00,184.8,185.795,184.445,184.62,22603737
2014-03-17 00:00:00-04:00,185.59,186.77,185.52,186.36,14525725
2014-03-18 00:00:00-04:00,186.7,187.91,186.52,187.71,12339654
2014-03-19 00:00:00-04:00,187.71,187.94,185.48,186.58,17480596
2014-03-20 00:00:00-04:00,186.25,187.89,185.92,187.74,14704699
2014-03-21 00:00:00-04:00,187.72,188.17,186.03,186.26,20675433
2014-03-24 00:00:00-04:00,186.82,187.07,184.62,185.45,17745330
2014-03-25 00:00:00-04:00,186.37,186.94,185.27,186.3,15008197
2014-03-26 00:00:00-04:00,187.03,187.34,184.97,184.97,16885534
2014-03-27 00:00:00-04:00,184.77,185.34,183.91,184.68,19454285
2014-03-28 00:00:00-04:00,185.105,186.42,185.0,185.49,13859639
2014-03-31 00:00:00-04:00,186.65,187.3,186.48,187.03,12532928
2014-04-01 00:00:00-04:00,187.62,188.36,187.46,188.31,10097460
2014-04-02 00:00:00-04:00,188.5,189.13,188.14,188.88,10780173
2014-04-03 00:00:00-04:00,189.17,189.21,188.06,188.65,10324553
2014-04-04 00:00:00-04:00,189.64,189.7,186.1,186.35,21673518
2014-04-07 00:00:00-04:00,185.9,186.26,183.97,184.33,18692140
2014-04-08 00:00:00-04:00,184.22,185.4,183.59,185.07,16199131
2014-04-09 00:00:00-04:00,185.6,187.15,185.07,187.1,12218733
2014-04-10 00:00:00-04:00,187.09,187.17,182.94,183.25,23151202
2014-04-11 00:00:00-04:00,182.175,183.42,181.31,181.52,23386887
2014-04-14 00:00:00-04:00,182.93,183.36,181.44,182.97,16968718
2014-04-15 00:00:00-04:00,183.32,184.33,181.515,184.22,19977365
2014-04-16 00:00:00-04:00,185.47,186.14,184.655,186.12,12840991
2014-04-17 00:00:00-04:00,185.89,186.905,185.57,186.41,11064371
2014-04-21 00:00:00-04:00,186.44,187.09,186.21,187.07,6896969
2014-04-22 00:00:00-04:00,187.23,188.4,187.14,187.85,9673234
2014-04-23 00:00:00-04:00,187.81,187.92,187.3,187.47,8387034
2014-04-24 00:00:00-04:00,188.39,188.39,186.93,187.82,10449354
2014-04-25 00:00:00-04:00,187.21,187.32,185.88,186.31,12161288
2014-04-28 00:00:00-04:00,187.06,187.69,184.96,186.89,16332870
2014-04-29 00:00:00-04:00,187.48,188.03,187.08,187.77,9858541
2014-04-30 00:00:00-04:00,187.44,188.5,187.18,188.28,11176537
2014-05-01 00:00:00-04:00,188.22,188.83,187.73,188.305,10809506
2014-05-02 00:00:00-04:00,188.31,189.14,187.79,188.08,10271375
2014-05-05 00:00:00-04:00,187.14,188.54,186.63,188.45,7920571
2014-05-06 00:00:00-04:00,188.0,188.13,186.75,186.79,8188558
2014-05-07 00:00:00-04:00,187.43,187.97,186.02,187.91,12364987
2014-05-08 00:00:00-04:00,187.67,189.04,187.09,187.69,12068186
2014-05-09 00:00:00-04:00,187.69,188.04,186.83,188.0,10066167
2014-05-12 00:00:00-04:00,188.76,189.875,188.75,189.81,8104872
2014-05-13 00:00:00-04:00,190.03,190.42,189.78,189.935,7730344
2014-05-14 00:00:00-04:00,189.79,189.88,188.795,189.06,8415933
2014-05-15 00:00:00-04:00,188.67,188.71,186.48,187.39,16923256
2014-05-16 00:00:00-04:00,187.51,188.12,186.73,188.04,10966946
2014-05-19 00:00:00-04:00,187.7,188.89,187.53,188.74,6569495
2014-05-20 00:00:00-04:00,188.64,188.66,187.07,187.57,11390616
2014-05-21 00:00:00-04:00,188.1,189.22,188.06,189.11,10663195
2014-05-22 00:00:00-04:00,189.18,189.975,188.86,189.59,6754569
2014-05-23 00:00:00-04:00,189.75,190.48,189.68,190.39,6599656
2014-05-27 00:00:00-04:00,191.05,191.58,190.95,191.53,6723056
2014-05-28 00:00:00-04:00,191.52,191.82,191.06,191.34,7355782
2014-05-29 00:00:00-04:00,191.82,192.38,191.33,192.36,6715944
2014-05-30 00:00:00-04:00,192.18,192.79,192.04,192.705,8873528
2014-06-02 00:00:00-04:00,192.95,192.99,191.97,192.86,6755114
2014-06-03 00:00:00-04:00,192.4,192.9,192.26,192.8,6403773
2014-06-04 00:00:00-04:00,192.45,193.29,192.27,193.19,5114669
2014-06-05 00:00:00-04:00,193.41,194.65,192.705,194.45,8710629
2014-06-06 00:00:00-04:00,194.87,195.42,194.78,195.36,7319157
2014-06-09 00:00:00-04:00,195.36,196.05,195.18,195.59,6728583
2014-06-10 00:00:00-04:00,195.33,195.565,194.92,195.55,5311966
2014-06-11 00:00:00-04:00,194.9,195.11,194.48,194.93,6155973
2014-06-12 00:00:00-04:00,194.65,194.8,193.11,193.56,8920051
2014-06-13 00:00:00-04:00,193.9,194.315,193.3,194.13,7455085
2014-06-16 00:00:00-04:00,193.9,194.695,193.66,194.34,6629687
2014-06-17 00:00:00-04:00,194.02,194.97,193.81,194.82,7580413
2014-06-18 00:00:00-04:00,194.85,196.37,194.45,196.27,10860596
2014-06-19 00:00:00-04:00,196.43,196.595,195.8,196.48,8275793
2014-06-20 00:00:00-04:00,196.03,196.055,195.71,195.985,8167084
2014-06-23 00:00:00-04:00,195.97,196.05,195.52,195.88,5511199
2014-06-24 00:00:00-04:00,195.53,196.5,194.48,194.69,9423785
2014-06-25 00:00:00-04:00,194.3,195.78,194.29,195.605,9025783
2014-06-26 00:00:00-04:00,195.63,195.63,194.13,195.45,8380010
2014-06-27 00:00:00-04:00,194.98,195.88,194.89,195.825,6518214
2014-06-30 00:00:00-04:00,195.7,196.165,195.53,195.73,7385973
2014-07-01 00:00:00-04:00,196.18,197.63,196.13,197.05,9999856
2014-07-02 00:00:00-04:00,197.05,197.475,196.97,197.22,6165685
2014-07-03 00:00:00-04:00,197.78,198.29,197.65,198.24,4782357
2014-07-07 00:00:00-04:00,197.82,197.97,197.22,197.5,6603148
2014-07-08 00:00:00-04:00,197.15,197.22,195.76,196.25,11307907
2014-07-09 00:00:00-04:00,196.73,197.29,196.32,197.13,9046588
2014-07-10 00:00:00-04:00,195.225,196.86,195.06,196.33,11731767
2014-07-11 00:00:00-04:00,196.22,196.745,195.79,196.59,7319952
2014-07-14 00:00:00-04:00,197.61,197.86,197.45,197.59,5946444
2014-07-15 00:00:00-04:00,197.72,198.1,196.37,197.22,13632348
2014-07-16 00:00:00-04:00,198.11,198.26,197.42,197.99,8414804
2014-07-17 00:00:00-04:00,197.35,198.095,195.43,195.66,17300676
2014-07-18 00:00:00-04:00,196.36,197.91,196.25,197.7,10893397
2014-07-21 00:00:00-04:00,197.09,197.5,196.43,197.29,8289041
2014-07-22 00:00:00-04:00,198.01,198.56,197.87,198.21,6496107
2014-07-23 00:00:00-04:00,198.495,198.85,198.11,198.64,6104006
2014-07-24 00:00:00-04:00,198.83,199.05,198.45,198.665,6814452
2014-07-25 00:00:00-04:00,198.09,198.26,197.34,197.72,9640354
2014-07-28 00:00:00-04:00,197.77,198.09,196.62,197.79,7839728
2014-07-29 00:00:00-04:00,198.17,198.445,196.94,196.98,9522250
2014-07-30 00:00:00-04:00,197.65,197.9,196.17,196.99,15280563
2014-07-31 00:00:00-04:00,195.61,195.78,193.09,193.09,19817965
2014-08-01 00:00:00-04:00,192.57,193.75,191.57,192.48,23286240
2014-08-04 00:00:00-04:00,192.87,194.29,192.05,193.89,11334170
2014-08-05 00:00:00-04:00,193.13,193.6,191.32,191.99,15984169
2014-08-06 00:00:00-04:00,191.11,192.885,191.085,192.06,11997431
2014-08-07 00:00:00-04:00,192.935,193.12,190.55,191.03,16984853
2014-08-08 00:00:00-04:00,191.46,193.365,190.955,193.22,12687519
2014-08-11 00:00:00-04:00,193.965,194.66,193.715,193.81,9110836
2014-08-12 00:00:00-04:00,193.61,194.15,192.94,193.54,8516403
2014-08-13 00:00:00-04:00,194.29,195.06,193.97,194.86,7476080
2014-08-14 00:00:00-04:00,195.16,195.745,194.98,195.72,6516370
2014-08-15 00:00:00-04:00,196.47,196.65,194.31,195.73,15688298
2014-08-18 00:00:00-04:00,196.795,197.45,196.69,197.37,7243741
2014-08-19 00:00:00-04:00,197.84,198.53,197.65,198.4,6320947
2014-08-20 00:00:00-04:00,198.12,199.155,198.09,198.92,7695639
2014-08-21 00:00:00-04:00,199.07,199.76,198.93,199.5,5740445
2014-08-22 00:00:00-04:00,199.34,199.69,198.745,199.12,8672105
2014-08-25 00:00:00-04:00,200.15,200.52,199.87,200.15,9040872
2014-08-26 00:00:00-04:00,200.33,200.82,200.28,200.34,9443039
2014-08-27 00:00:00-04:00,200.435,200.57,199.945,200.31,5445658
2014-08-28 00:00:00-04:00,199.58,200.26,199.395,200.1,5526537
2014-08-29 00:00:00-04:00,200.45,200.73,199.82,200.71,6490505
2014-09-02 00:00:00-04:00,200.97,200.995,199.86,200.58,7683349
2014-09-03 00:00:00-04:00,201.38,201.41,200.22,200.51,5811465
2014-09-04 00:00:00-04:00,200.84,201.575,199.66,200.2,9402915
2014-09-05 00:00:00-04:00,200.15,201.185,199.42,201.17,8944376
2014-09-08 00:00:00-04:00,200.92,201.21,200.0,200.59,6752735
2014-09-09 00:00:00-04:00,200.41,200.55,198.91,199.34,10294869
2014-09-10 00:00:00-04:00,199.43,200.2,198.77,200.09,8735189
2014-09-11 00:00:00-04:00,199.27,200.33,199.12,200.28,7917312
2014-09-12 00:00:00-04:00,200.1,200.12,198.565,199.12,10239051
2014-09-15 00:00:00-04:00,199.16,199.31,198.38,198.98,7284930
2014-09-16 00:00:00-04:00,198.61,200.83,198.5,200.49,11313635
2014-09-17 00:00:00-04:00,200.77,201.675,199.76,200.72,16503490
2014-09-18 00:00:00-04:00,201.36,201.85,201.11,201.77,8784987
2014-09-19 00:00:00-04:00,201.545,201.73,200.3,200.7,11841371
2014-09-22 00:00:00-04:00,200.34,200.37,198.74,199.125,13049197
2014-09-23 00:00:00-04:00,198.43,199.26,197.95,197.98,11948938
2014-09-24 00:00:00-04:00,198.04,199.68,197.53,199.55,11211074
2014-09-25 00:00:00-04:00,199.03,199.05,196.32,196.35,15717704
2014-09-26 00:00:00-04:00,196.7,198.38,196.42,197.95,11217188
2014-09-29 00:00:00-04:00,196.2,197.89,196.05,197.54,10342645
2014-09-30 00:00:00-04:00,197.69,198.3,196.62,197.035,12819693
2014-10-01 00:00:00-04:00,196.7,196.765,193.91,194.39,22956847
2014-10-02 00:00:00-04:00,194.17,195.05,192.35,194.42,22405411
2014-10-03 00:00:00-04:00,195.69,196.93,195.09,196.52,12668161
2014-10-06 00:00:00-04:00,197.34,197.59,195.585,196.28,12891652
2014-10-07 00:00:00-04:00,195.27,195.71,193.295,193.31,14763926
2014-10-08 00:00:00-04:00,193.37,196.91,192.36,196.73,24964120
2014-10-09 00:00:00-04:00,196.33,196.6,192.58,192.75,23497433
2014-10-10 00:00:00-04:00,192.69,193.5,190.54,190.57,23346232
2014-10-13 00:00:00-04:00,190.46,191.15,187.3,187.41,31127889
2014-10-14 00:00:00-04:00,188.43,189.81,187.05,187.71,34250929
2014-10-15 00:00:00-04:00,185.16,186.87,181.92,186.23,41874208
2014-10-16 00:00:00-04:00,183.06,187.57,182.91,186.07,28834028
2014-10-17 00:00:00-04:00,188.41,189.75,187.63,188.67,28055385
2014-10-20 00:00:00-04:00,188.13,190.445,188.08,190.33,12613851
2014-10-21 00:00:00-04:00,191.68,194.2,191.48,194.01,19997060
2014-10-22 00:00:00-04:00,194.44,194.905,192.62,192.64,21237714
2014-10-23 00:00:00-04:00,194.62,196.165,194.26,194.96,20524891
2014-10-24 00:00:00-04:00,195.24,196.49,194.49,196.4,13042735
2014-10-27 00:00:00-04:00,195.74,196.45,195.03,196.05,10415355
2014-10-28 00:00:00-04:00,196.82,198.4,196.73,198.37,12140799
2014-10-29 00:00:00-04:00,198.56,199.12,196.81,198.12,21354888
2014-10-30 00:00:00-04:00,197.58,199.95,197.41,199.38,16093412
2014-10-31 00:00:00-04:00,201.78,201.81,200.78,201.73,16045007
2014-11-03 00:00:00-05:00,201.9,202.45,201.305,201.71,13260816
2014-11-04 00:00:00-05:00,201.23,201.6,200.07,201.14,13011996
2014-11-05 00:00:00-05:00,202.55,202.59,201.45,202.37,11003706
2014-11-06 00:00:00-05:00,202.4,203.26,201.64,203.19,11948097
2014-11-07 00:00:00-05:00,203.18,203.59,202.62,203.325,10729448
2014-11-10 00:00:00-05:00,203.38,204.04,203.13,203.99,8357207
2014-11-11 00:00:00-05:00,204.055,204.31,203.66,204.13,6431116
2014-11-12 00:00:00-05:00,203.35,204.24,203.32,203.995,8182519
2014-11-13 00:00:00-05:00,204.16,204.83,203.215,204.12,10908423
2014-11-14 00:00:00-05:00,204.1,204.49,203.73,204.25,10068733
2014-11-17 00:00:00-05:00,203.84,204.58,203.65,204.34,9382726
2014-11-18 00:00:00-05:00,204.45,205.92,204.44,205.51,9150012
2014-11-19 00:00:00-05:00,205.31,205.55,204.3,205.16,9344573
2014-11-20 00:00:00-05:00,204.27,205.71,204.2,205.58,8641102
2014-11-21 00:00:00-05:00,207.64,207.71,205.99,206.65,11585190
2014-11-24 00:00:00-05:00,207.17,207.39,206.91,207.275,6220064
2014-11-25 00:00:00-05:00,207.55,207.785,206.8,207.11,8193660
2014-11-26 00:00:00-05:00,207.3,207.76,207.04,207.67,5282126
2014-11-28 00:00:00-05:00,207.48,207.865,206.91,207.26,5072907
2014-12-01 00:00:00-05:00,206.4,206.54,205.38,205.77,11531930
2014-12-02 00:00:00-05:00,205.8,207.34,205.8,207.08,8676856
2014-12-03 00:00:00-05:00,207.29,208.145,207.11,207.91,7626794
2014-12-04 00:00:00-05:00,207.54,208.26,206.705,207.66,10301374
2014-12-05 00:00:00-05:00,207.87,208.47,207.55,207.98,7882779
2014-12-08 00:00:00-05:00,207.535,208.12,205.93,206.6,12432719
2014-12-09 00:00:00-05:00,204.39,206.6,203.92,206.49,13115012
2014-12-10 00:00:00-05:00,205.92,205.97,202.94,203.19,16706696
2014-12-11 00:00:00-05:00,203.89,206.18,203.71,204.09,17100770
2014-12-12 00:00:00-05:00,202.64,203.81,200.86,200.97,20168877
2014-12-15 00:00:00-05:00,201.98,202.52,198.79,199.56,24528611
2014-12-16 00:00:00-05:00,198.58,202.39,197.86,197.99,29816959
2014-12-17 00:00:00-05:00,198.56,202.34,198.29,201.86,30861535
2014-12-18 00:00:00-05:00,204.74,206.74,203.93,206.71,21703865
2014-12-19 00:00:00-05:00,206.44,207.325,205.62,206.64,20605663
2014-12-22 00:00:00-05:00,206.74,207.44,206.46,207.43,13988429
2014-12-23 00:00:00-05:00,208.17,208.23,207.52,207.77,10373213
2014-12-24 00:00:00-05:00,208.02,208.34,207.73,207.76,4034307
2014-12-26 00:00:00-05:00,208.32,208.84,208.26,208.42,5589457
2014-12-29 00:00:00-05:00,208.22,208.965,208.15,208.71,7311434
2014-12-30 00:00:00-05:00,208.21,208.37,207.51,207.63,6719996
2014-12-31 00:00:00-05:00,207.99,208.18,205.4,205.51,12003700
2015-01-02 00:00:00-05:00,206.38,206.88,204.185,205.44,13963009
2015-01-05 00:00:00-05:00,204.175,204.37,201.36,201.81,20495190
2015-01-06 00:00:00-05:00,202.1,202.72,198.86,199.84,26563081
2015-01-07 00:00:00-05:00,201.42,202.72,200.89,202.27,14305311
2015-01-08 00:00:00-05:00,204.01,206.15,203.99,205.95,15045267
2015-01-09 00:00:00-05:00,206.395,206.41,203.52,204.26,17139600
2015-01-12 00:00:00-05:00,204.41,204.59,201.93,202.57,12474299
2015-01-13 00:00:00-05:00,204.11,205.47,200.51,202.03,28067494
2015-01-14 00:00:00-05:00,199.65,201.095,198.57,200.86,21160584
2015-01-15 00:00:00-05:00,201.64,202.0,198.89,199.04,19503659
2015-01-16 00:00:00-05:00,198.77,201.82,198.55,201.72,17065684
2015-01-20 00:00:00-05:00,202.4,202.72,200.17,201.98,12169500
2015-01-21 00:00:00-05:00,201.5,203.66,200.945,203.02,12785630
2015-01-22 00:00:00-05:00,203.99,206.26,202.33,206.12,18135072
2015-01-23 00:00:00-05:00,205.77,206.1,204.81,204.93,13422824
2015-01-26 00:00:00-05:00,204.72,205.56,203.85,205.47,11037911
2015-01-27 00:00:00-05:00,202.97,204.12,201.75,202.78,19036964
2015-01-28 00:00:00-05:00,204.18,204.28,199.91,200.09,21254549
2015-01-29 00:00:00-05:00,200.37,202.3,198.68,201.93,19345572
2015-01-30 00:00:00-05:00,200.57,202.17,199.13,199.36,21028149
2015-02-02 00:00:00-05:00,200.05,202.02,197.865,201.9,17439291
2015-02-03 00:00:00-05:00,203.03,204.84,202.55,204.78,12272007
2015-02-04 00:00:00-05:00,203.92,205.37,203.51,204.03,13221189
2015-02-05 00:00:00-05:00,204.86,206.3,204.78,206.12,10989891
2015-02-06 00:00:00-05:00,206.56,207.24,204.93,205.53,13851784
2015-02-09 00:00:00-05:00,204.765,205.64,204.14,204.64,9913806
2015-02-10 00:00:00-05:00,205.88,207.12,204.83,206.81,9968859
2015-02-11 00:00:00-05:00,206.61,207.45,205.835,206.9,10770970
2015-02-12 00:00:00-05:00,207.89,208.99,207.68,208.93,9750884
2015-02-13 00:00:00-05:00,209.07,209.835,208.76,209.79,10880604
2015-02-17 00:00:00-05:00,209.4,210.32,209.11,210.12,9244734
2015-02-18 00:00:00-05:00,209.65,210.22,209.35,210.12,10588374
2015-02-19 00:00:00-05:00,209.41,210.42,209.25,210.0,10059061
2015-02-20 00:00:00-05:00,209.48,211.33,208.74,211.24,15695686
2015-02-23 00:00:00-05:00,210.94,211.17,210.48,211.15,6557367
2015-02-24 00:00:00-05:00,211.12,212.05,210.76,211.77,9767927
2015-02-25 00:00:00-05:00,211.66,212.24,211.22,211.62,8652889
2015-02-26 00:00:00-05:00,211.53,211.7,210.66,211.385,9730488
2015-02-27 00:00:00-05:00,211.26,211.58,210.65,210.82,11394504
2015-03-02 00:00:00-05:00,210.78,212.06,210.72,211.99,8316079
2015-03-03 00:00:00-05:00,211.47,211.58,210.08,211.11,10216111
2015-03-04 00:00:00-05:00,210.4,210.49,209.065,210.22,11069246
2015-03-05 00:00:00-05:00,210.62,210.8,209.855,210.47,8192294
2015-03-06 00:00:00-05:00,209.42,209.94,207.1,207.54,18662126
2015-03-09 00:00:00-04:00,207.74,208.78,207.58,208.34,9719121
2015-03-10 00:00:00-04:00,206.72,206.81,204.97,205.01,16075521
2015-03-11 00:00:00-04:00,205.29,205.5,204.4,204.51,12383642
2015-03-12 00:00:00-04:00,205.26,207.175,205.21,207.11,10239190
2015-03-13 00:00:00-04:00,206.77,206.93,204.585,205.83,15444876
2015-03-16 00:00:00-04:00,206.71,208.69,206.69,208.58,11812180
2015-03-17 00:00:00-04:00,207.69,208.41,206.985,207.95,11009014
2015-03-18 00:00:00-04:00,207.39,211.26,206.63,210.44,23505470
2015-03-19 00:00:00-04:00,209.96,210.28,209.03,209.47,10897343
2015-03-20 00:00:00-04:00,209.7,211.015,209.61,210.47,13197270
2015-03-23 00:00:00-04:00,210.42,211.105,210.01,210.01,7121133
2015-03-24 00:00:00-04:00,209.85,210.4,208.74,208.79,9108599
2015-03-25 00:00:00-04:00,209.07,209.35,205.72,205.75,16679041
2015-03-26 00:00:00-04:00,204.95,206.36,204.13,205.29,16612712
2015-03-27 00:00:00-04:00,205.14,205.95,204.91,205.71,11343915
2015-03-30 00:00:00-04:00,206.98,208.61,206.98,208.33,9352735
2015-03-31 00:00:00-04:00,207.26,208.1,206.36,206.44,12972655
2015-04-01 00:00:00-04:00,206.39,206.39,204.51,205.72,16545060
2015-04-02 00:00:00-04:00,205.61,206.98,205.42,206.37,11201871
2015-04-06 00:00:00-04:00,205.38,208.45,205.22,207.82,10324040
2015-04-07 00:00:00-04:00,207.855,208.76,207.31,207.33,7568898
2015-04-08 00:00:00-04:00,207.55,208.5,207.08,207.98,10697791
2015-04-09 00:00:00-04:00,207.78,209.175,207.195,208.92,8714356
2015-04-10 00:00:00-04:00,209.2,210.08,208.96,210.04,8321809
2015-04-13 00:00:00-04:00,209.88,210.62,209.04,209.09,7414377
2015-04-14 00:00:00-04:00,208.85,209.7,208.11,209.45,9798729
2015-04-15 00:00:00-04:00,210.06,211.04,209.95,210.45,11040028
2015-04-16 00:00:00-04:00,210.03,210.97,209.795,210.36,9578640
2015-04-17 00:00:00-04:00,208.94,209.23,207.01,207.92,22757608
2015-04-20 00:00:00-04:00,209.06,210.25,208.96,209.85,9348704
2015-04-21 00:00:00-04:00,210.67,210.85,209.25,209.61,8093409
2015-04-22 00:00:00-04:00,210.02,210.85,208.9,210.63,9925543
2015-04-23 00:00:00-04:00,210.15,211.93,210.02,211.16,12564746
2015-04-24 00:00:00-04:00,211.66,211.96,211.115,211.64,8737245
2015-04-27 00:00:00-04:00,212.33,212.48,210.54,210.76,10037727
2015-04-28 00:00:00-04:00,210.74,211.5,209.34,211.42,11307364
2015-04-29 00:00:00-04:00,210.37,211.29,209.6,210.53,15558841
2015-04-30 00:00:00-04:00,209.88,210.34,207.62,208.46,16913688
2015-05-01 00:00:00-04:00,209.4,210.77,209.29,210.69,11193534
2015-05-04 00:00:00-04:00,211.23,212.02,211.1,211.35,7934263
2015-05-05 00:00:00-04:00,211.03,211.46,208.73,208.87,13457855
2015-05-06 00:00:00-04:00,209.56,209.92,206.76,208.09,13689451
2015-05-07 00:00:00-04:00,207.92,209.38,207.53,208.87,10106742
2015-05-08 00:00:00-04:00,210.88,211.86,210.79,211.65,10997622
2015-05-11 00:00:00-04:00,211.57,211.89,210.53,210.61,7686267
2015-05-12 00:00:00-04:00,209.61,210.62,208.63,209.98,12240861
2015-05-13 00:00:00-04:00,210.47,211.22,209.74,210.04,9565480
2015-05-14 00:00:00-04:00,211.25,212.32,210.91,212.21,8054131
2015-05-15 00:00:00-04:00,212.44,212.6,211.87,212.47,6828274
2015-05-18 00:00:00-04:00,212.24,213.4,212.17,213.07,5845639
2015-05-19 00:00:00-04:00,213.24,213.57,212.69,212.97,5966174
2015-05-20 00:00:00-04:00,213.15,213.78,212.51,212.84,7536443
2015-05-21 00:00:00-04:00,212.71,213.745,212.52,213.44,6975842
2015-05-22 00:00:00-04:00,213.04,213.54,212.92,212.97,5408727
2015-05-26 00:00:00-04:00,212.43,212.49,210.2,210.74,10742543
2015-05-27 00:00:00-04:00,211.25,212.98,210.855,212.67,9722402
2015-05-28 00:00:00-04:00,212.33,212.59,211.63,212.48,8146537
2015-05-29 00:00:00-04:00,212.38,212.43,210.82,211.19,12386924
2015-06-01 00:00:00-04:00,211.94,212.335,210.62,211.56,11351083
2015-06-02 00:00:00-04:00,211.02,212.18,210.27,211.34,10097791
2015-06-03 00:00:00-04:00,211.99,212.67,211.34,211.9,10369298
2015-06-04 00:00:00-04:00,211.07,211.77,209.75,210.12,14601289
2015-06-05 00:00:00-04:00,209.95,210.58,208.98,209.76,11525835
2015-06-08 00:00:00-04:00,209.64,209.82,208.39,208.45,10178344
2015-06-09 00:00:00-04:00,208.45,209.095,207.69,208.45,10240928
2015-06-10 00:00:00-04:00,209.375,211.4,209.32,210.99,11932891
2015-06-11 00:00:00-04:00,211.49,212.08,211.21,211.52,8337800
2015-06-12 00:00:00-04:00,210.64,210.83,209.68,210.02,12607169
2015-06-15 00:00:00-04:00,208.64,209.44,207.795,209.09,13055685
2015-06-16 00:00:00-04:00,208.92,210.34,208.72,210.25,8842079
2015-06-17 00:00:00-04:00,210.61,211.32,209.38,210.63,12898936
2015-06-18 00:00:00-04:00,211.31,213.34,211.18,212.72,15066896
2015-06-19 00:00:00-04:00,211.46,211.55,210.53,210.56,12275241
2015-06-22 00:00:00-04:00,211.905,212.59,211.64,211.9,8277518
2015-06-23 00:00:00-04:00,212.14,212.44,211.57,212.05,6637729
2015-06-24 00:00:00-04:00,211.72,212.16,210.5,210.5,10057440
2015-06-25 00:00:00-04:00,211.1,211.25,209.77,209.86,9557447
2015-06-26 00:00:00-04:00,210.29,210.57,209.17,209.9,11068769
2015-06-29 00:00:00-04:00,208.05,208.82,205.33,205.46,19243277
2015-06-30 00:00:00-04:00,207.26,207.27,205.28,205.995,18658672
2015-07-01 00:00:00-04:00,207.73,208.03,206.58,207.52,12797596
2015-07-02 00:00:00-04:00,208.07,208.27,206.82,207.36,9178312
2015-07-06 00:00:00-04:00,205.76,207.65,205.54,206.65,12061122
2015-07-07 00:00:00-04:00,206.96,208.16,204.12,207.92,23979969
2015-07-08 00:00:00-04:00,206.42,206.755,204.25,204.53,20558412
2015-07-09 00:00:00-04:00,207.04,207.345,204.89,204.96,15735369
2015-07-10 00:00:00-04:00,207.29,207.97,206.49,207.47,12460305
2015-07-13 00:00:00-04:00,208.99,209.9,208.94,209.76,10922088
2015-07-14 00:00:00-04:00,209.72,211.05,209.66,210.71,8062477
2015-07-15 00:00:00-04:00,210.73,211.27,210.05,210.63,11228828
2015-07-16 00:00:00-04:00,211.87,212.3,211.58,212.26,8451425
2015-07-17 00:00:00-04:00,212.3,212.54,211.8,212.47,8180651
2015-07-20 00:00:00-04:00,212.75,213.175,212.21,212.63,6915802
2015-07-21 00:00:00-04:00,212.44,212.74,211.4,211.77,9833151
2015-07-22 00:00:00-04:00,210.93,211.76,210.89,211.29,9421920
2015-07-23 00:00:00-04:00,211.53,211.64,209.76,210.12,10986081
2015-07-24 00:00:00-04:00,210.3,210.36,207.6,207.93,13683358
2015-07-27 00:00:00-04:00,206.94,207.55,206.26,206.81,14042405
2015-07-28 00:00:00-04:00,207.79,209.5,206.81,209.25,13386238
2015-07-29 00:00:00-04:00,209.48,211.04,209.31,210.77,13072346
2015-07-30 00:00:00-04:00,210.16,211.015,209.42,210.87,10425232
2015-07-31 00:00:00-04:00,211.42,211.45,210.16,210.37,10780541
2015-08-03 00:00:00-04:00,210.45,210.53,208.66,209.78,12122100
2015-08-04 00:00:00-04:00,209.7,210.24,208.8,209.32,10697641
2015-08-05 00:00:00-04:00,210.46,211.31,209.74,210.045,8794645
2015-08-06 00:00:00-04:00,210.29,210.41,207.65,208.55,11123734
2015-08-07 00:00:00-04:00,208.16,208.34,206.88,207.92,11200598
2015-08-10 00:00:00-04:00,209.28,210.67,209.28,210.5,7956043
2015-08-11 00:00:00-04:00,208.97,209.46,207.76,208.65,12313300
2015-08-12 00:00:00-04:00,207.11,209.14,205.37,208.81,18334374
2015-08-13 00:00:00-04:00,208.73,209.54,208.02,208.59,11200575
2015-08-14 00:00:00-04:00,208.43,209.5,208.26,209.42,8001383
2015-08-17 00:00:00-04:00,208.71,210.565,208.16,210.53,9779226
2015-08-18 00:00:00-04:00,210.27,210.68,209.7,210.03,7818697
2015-08-19 00:00:00-04:00,209.1,210.01,207.36,208.33,22348514
2015-08-20 00:00:00-04:00,206.51,207.17,203.915,204.1,20843623
2015-08-21 00:00:00-04:00,201.73,202.92,197.63,197.65,39373486
2015-08-24 00:00:00-04:00,187.34,195.84,182.4,189.71,53056798
2015-08-25 00:00:00-04:00,195.43,195.44,187.3,187.45,46920051
2015-08-26 00:00:00-04:00,192.08,194.78,188.38,194.46,40046207
2015-08-27 00:00:00-04:00,197.02,199.41,195.21,199.21,35371466
2015-08-28 00:00:00-04:00,198.49,199.83,197.92,199.35,15672434
2015-08-31 00:00:00-04:00,198.11,199.12,197.01,197.68,19212570
2015-09-01 00:00:00-04:00,193.12,194.76,190.73,192.04,25993641
2015-09-02 00:00:00-04:00,194.62,195.42,192.43,195.39,15707401
2015-09-03 00:00:00-04:00,196.26,198.05,194.96,195.57,18741918
2015-09-04 00:00:00-04:00,192.85,193.86,191.61,192.67,18175198
2015-09-08 00:00:00-04:00,195.94,197.61,195.18,197.43,10284705
2015-09-09 00:00:00-04:00,199.35,199.46,194.35,194.78,14281612
2015-09-10 00:00:00-04:00,194.56,197.22,194.25,195.75,17932709
2015-09-11 00:00:00-04:00,195.38,196.75,194.54,196.68,10225861
2015-09-14 00:00:00-04:00,196.96,197.0,195.43,195.99,8442018
2015-09-15 00:00:00-04:00,196.6,198.99,196.09,198.48,10935194
2015-09-16 00:00:00-04:00,198.81,200.4,198.415,200.16,9090465
2015-09-17 00:00:00-04:00,200.02,202.89,199.28,199.69,23866281
2015-09-18 00:00:00-04:00,195.71,197.56,194.97,195.52,18243882
2015-09-21 00:00:00-04:00,196.44,197.68,195.21,196.44,9593271
2015-09-22 00:00:00-04:00,193.88,194.46,192.565,193.92,12610260
2015-09-23 00:00:00-04:00,194.11,194.67,192.915,193.55,7795694
2015-09-24 00:00:00-04:00,192.15,193.44,190.56,192.97,17743823
2015-09-25 00:00:00-04:00,194.64,195.0,191.81,192.87,18009148
2015-09-28 00:00:00-04:00,191.77,191.91,187.64,187.98,19116044
2015-09-29 00:00:00-04:00,188.27,189.735,186.93,188.14,19351248
2015-09-30 00:00:00-04:00,190.37,191.82,189.44,191.62,16496777
2015-10-01 00:00:00-04:00,192.08,192.48,189.82,192.14,16192988
2015-10-02 00:00:00-04:00,189.77,194.925,189.12,194.92,20371766
2015-10-05 00:00:00-04:00,196.46,198.74,196.33,198.49,13830438
2015-10-06 00:00:00-04:00,198.31,198.98,197.0,197.77,12582975
2015-10-07 00:00:00-04:00,198.9,199.82,197.49,199.46,15533681
2015-10-08 00:00:00-04:00,198.95,201.55,198.59,201.2,20596622
2015-10-09 00:00:00-04:00,201.38,201.9,200.59,201.34,11307975
2015-10-12 00:00:00-04:00,201.43,201.76,200.91,201.56,5418992
2015-10-13 00:00:00-04:00,200.65,202.16,200.05,200.25,10974909
2015-10-14 00:00:00-04:00,200.18,200.87,198.95,199.29,12059867
2015-10-15 00:00:00-04:00,200.08,202.33,199.64,202.32,11869653
2015-10-16 00:00:00-04:00,202.83,203.29,201.92,203.19,10855351
2015-10-19 00:00:00-04:00,202.5,203.37,202.13,203.3,8196575
2015-10-20 00:00:00-04:00,202.85,203.83,202.55,203.06,7536450
2015-10-21 00:00:00-04:00,203.61,203.78,201.65,201.84,11046895
2015-10-22 00:00:00-04:00,202.98,205.49,202.82,205.21,14979513
2015-10-23 00:00:00-04:00,207.25,207.945,206.31,207.49,13789624
2015-10-26 00:00:00-04:00,207.3,207.37,206.56,207.01,7151063
2015-10-27 00:00:00-04:00,206.2,206.995,205.8,206.56,8700594
2015-10-28 00:00:00-04:00,206.99,208.96,206.21,208.95,15644710
2015-10-29 00:00:00-04:00,208.35,209.26,208.21,208.89,8297353
2015-10-30 00:00:00-04:00,209.06,209.43,208.0,208.02,12699576
2015-11-02 00:00:00-05:00,208.32,210.61,208.18,210.37,7750346
2015-11-03 00:00:00-05:00,209.97,211.66,209.7,210.96,9430591
2015-11-04 00:00:00-05:00,211.35,211.49,209.73,210.35,10034499
2015-11-05 00:00:00-05:00,210.43,210.98,209.09,210.12,8682478
2015-11-06 00:00:00-05:00,209.74,210.32,208.47,210.05,11826540
2015-11-09 00:00:00-05:00,209.26,209.49,206.95,208.05,14101691
2015-11-10 00:00:00-05:00,207.51,208.6,207.19,208.48,10086698
2015-11-11 00:00:00-05:00,208.88,208.93,207.67,207.7,8207383
2015-11-12 00:00:00-05:00,206.49,207.06,204.82,204.87,13041632
2015-11-13 00:00:00-05:00,204.35,204.66,202.44,202.58,15430632
2015-11-16 00:00:00-05:00,202.31,205.64,202.19,205.6,12236050
2015-11-17 00:00:00-05:00,205.99,207.03,204.88,205.34,12591257
2015-11-18 00:00:00-05:00,206.04,208.9,206.0,208.71,10790569
2015-11-19 00:00:00-05:00,208.58,209.05,208.21,208.52,8642300
2015-11-20 00:00:00-05:00,209.45,210.12,208.86,209.34,8198237
2015-11-23 00:00:00-05:00,209.38,209.98,208.52,209.05,5930855
2015-11-24 00:00:00-05:00,207.87,209.83,207.41,209.37,10403663
2015-11-25 00:00:00-05:00,209.5,209.74,209.02,209.33,4817309
2015-11-27 00:00:00-05:00,209.42,209.8,208.87,209.54,3374091
2015-11-30 00:00:00-05:00,209.75,209.88,208.56,208.67,10643507
2015-12-01 00:00:00-05:00,209.44,210.82,209.12,210.68,10537481
2015-12-02 00:00:00-05:00,210.62,210.995,208.23,208.53,11215535
2015-12-03 00:00:00-05:00,208.83,209.13,204.76,205.6,14984645
2015-12-04 00:00:00-05:00,206.08,209.97,205.94,209.65,18070122
2015-12-07 00:00:00-05:00,209.23,209.24,207.2,208.3,10827754
2015-12-08 00:00:00-05:00,206.5,208.04,205.78,206.95,12133346
2015-12-09 00:00:00-05:00,206.2,208.68,204.18,205.4,17621107
2015-12-10 00:00:00-05:00,205.42,207.43,205.15,205.81,12250304
2015-12-11 00:00:00-05:00,203.35,204.14,201.51,201.89,24575089
2015-12-14 00:00:00-05:00,202.07,203.0,199.97,202.82,24274985
2015-12-15 00:00:00-05:00,204.7,206.11,204.54,205.0,17054290
2015-12-16 00:00:00-05:00,206.37,208.39,204.82,207.97,22160493
2015-12-17 00:00:00-05:00,208.4,208.48,204.85,204.86,19761754
2015-12-18 00:00:00-05:00,202.85,202.92,200.07,200.09,23656294
2015-12-21 00:00:00-05:00,201.41,201.88,200.09,201.69,14983080
2015-12-22 00:00:00-05:00,202.715,203.85,201.55,203.43,11053335
2015-12-23 00:00:00-05:00,204.69,206.07,204.58,206.0,9664671
2015-12-24 00:00:00-05:00,205.72,206.33,205.43,205.63,3742755
2015-12-28 00:00:00-05:00,204.87,205.25,203.94,205.21,6064143
2015-12-29 00:00:00-05:00,206.52,207.78,206.47,207.36,7404765
2015-12-30 00:00:00-05:00,207.11,207.21,205.76,205.93,5701430
2015-12-31 00:00:00-05:00,205.13,205.885,204.06,204.06,10338998
2016-01-04 00:00:00-05:00,200.49,200.96,198.59,200.9,24331395
2016-01-05 00:00:00-05:00,201.405,201.9,200.05,201.32,13649656
2016-01-06 00:00:00-05:00,198.34,200.05,197.6,198.85,20155810
2016-01-07 00:00:00-05:00,195.33,197.43,193.595,194.17,27191951
2016-01-08 00:00:00-05:00,195.19,195.85,191.58,192.03,21917957
2016-01-11 00:00:00-05:00,193.01,193.41,189.83,192.04,25017863
2016-01-12 00:00:00-05:00,193.81,194.55,191.145,193.65,22588474
2016-01-13 00:00:00-05:00,194.45,194.86,188.38,188.85,24536791
2016-01-14 00:00:00-05:00,189.55,193.26,187.66,191.81,26685248
2016-01-15 00:00:00-05:00,186.77,188.76,185.53,187.68,38239902
2016-01-19 00:00:00-05:00,189.96,190.11,186.21,187.91,22295109
2016-01-20 00:00:00-05:00,185.04,187.49,181.02,185.84,32083915
2016-01-21 00:00:00-05:00,186.21,188.865,184.65,186.7,19594701
2016-01-22 00:00:00-05:00,189.77,190.76,188.88,190.5,16898459
2016-01-25 00:00:00-05:00,189.92,190.15,187.42,187.63,12832735
2016-01-26 00:00:00-05:00,188.42,190.53,188.03,190.2,14473888
2016-01-27 00:00:00-05:00,189.58,191.55,187.06,188.13,18041669
2016-01-28 00:00:00-05:00,189.96,190.2,187.16,189.13,15649425
2016-01-29 00:00:00-05:00,190.01,193.71,189.89,193.62,17384441
2016-02-01 00:00:00-05:00,192.53,194.58,191.85,193.67,13282970
2016-02-02 00:00:00-05:00,191.96,191.96,189.54,190.16,15224406
2016-02-03 00:00:00-05:00,191.41,191.78,187.105,191.21,24638044
2016-02-04 00:00:00-05:00,190.75,192.735,189.96,191.44,17740502
2016-02-05 00:00:00-05:00,191.01,191.08,187.2,187.98,17696642
2016-02-08 00:00:00-05:00,185.76,186.11,182.81,185.35,23602786
2016-02-09 00:00:00-05:00,183.37,186.93,183.21,185.36,24979025
2016-02-10 00:00:00-05:00,186.41,188.32,185.12,185.3,15312326
2016-02-11 00:00:00-05:00,182.34,184.09,181.13,183.01,23345845
2016-02-12 00:00:00-05:00,184.96,186.65,183.97,186.61,13223732
2016-02-16 00:00:00-05:00,188.77,189.78,187.64,189.71,12144265
2016-02-17 00:00:00-05:00,191.16,193.32,191.01,192.89,12992383
2016-02-18 00:00:00-05:00,193.21,193.27,191.725,192.04,11066587
2016-02-19 00:00:00-05:00,191.2,192.17,190.45,192.02,10593599
2016-02-22 00:00:00-05:00,193.86,194.95,193.8,194.74,9682372
2016-02-23 00:00:00-05:00,194.0,194.32,192.18,192.39,11338236
2016-02-24 00:00:00-05:00,190.63,193.53,189.32,193.19,14301804
2016-02-25 00:00:00-05:00,193.73,195.53,192.83,195.51,10547740
2016-02-26 00:00:00-05:00,196.57,196.67,194.9,195.11,11516992
2016-02-29 00:00:00-05:00,195.11,196.22,193.57,193.58,11833032
2016-03-01 00:00:00-05:00,195.01,198.18,194.46,198.15,13141176
2016-03-02 00:00:00-05:00,197.73,199.06,197.25,198.99,9893423
2016-03-03 00:00:00-05:00,198.78,199.79,198.11,199.76,8863516
2016-03-04 00:00:00-05:00,200.01,201.345,199.03,200.36,11408755
2016-03-07 00:00:00-05:00,199.36,201.07,199.26,200.6,9486123
2016-03-08 00:00:00-05:00,199.32,199.92,198.215,198.38,11727619
2016-03-09 00:00:00-05:00,199.36,199.79,198.43,199.42,8668535
2016-03-10 00:00:00-05:00,199.95,201.06,197.39,199.51,16593581
2016-03-11 00:00:00-05:00,201.26,202.81,201.13,202.73,11112512
2016-03-14 00:00:00-04:00,202.17,203.03,201.77,202.49,6879212
2016-03-15 00:00:00-04:00,201.37,202.19,201.06,202.17,7024308
2016-03-16 00:00:00-04:00,201.6,203.82,201.55,203.39,13489723
2016-03-17 00:00:00-04:00,203.25,205.22,202.77,204.62,10102496
2016-03-18 00:00:00-04:00,204.18,204.77,203.8,204.47,12572830
2016-03-21 00:00:00-04:00,204.07,204.94,203.81,204.66,7384917
2016-03-22 00:00:00-04:00,203.76,205.23,203.57,204.58,10041903
2016-03-23 00:00:00-04:00,204.12,204.33,203.01,203.23,9918836
2016-03-24 00:00:00-04:00,202.0,203.16,201.74,203.14,8263916
2016-03-28 00:00:00-04:00,203.61,203.86,202.705,203.25,7029502
2016-03-29 00:00:00-04:00,202.76,205.2,202.4,205.14,10049585
2016-03-30 00:00:00-04:00,206.3,206.87,205.6,206.05,9197588
2016-03-31 00:00:00-04:00,205.92,206.41,205.33,205.56,8828406
2016-04-01 00:00:00-04:00,204.35,207.13,203.99,206.91,10359920
2016-04-04 00:00:00-04:00,206.84,207.07,205.89,206.27,5900497
2016-04-05 00:00:00-04:00,204.67,205.26,203.9,204.19,10013940
2016-04-06 00:00:00-04:00,204.29,206.49,203.98,206.41,10535758
2016-04-07 00:00:00-04:00,205.14,205.56,203.09,203.95,11626114
2016-04-08 00:00:00-04:00,205.33,205.84,203.88,204.52,10000746
2016-04-11 00:00:00-04:00,205.25,206.07,203.91,203.97,9483447
2016-04-12 00:00:00-04:00,204.22,206.25,203.71,205.94,11577473
2016-04-13 00:00:00-04:00,207.0,208.095,206.84,208.01,10096862
2016-04-14 00:00:00-04:00,208.07,208.6,207.605,208.02,6940581
2016-04-15 00:00:00-04:00,208.01,208.11,207.4,207.8,6333354
2016-04-18 00:00:00-04:00,207.14,209.26,207.0,209.24,7364489
2016-04-19 00:00:00-04:00,209.74,210.19,208.945,209.87,9451052
2016-04-20 00:00:00-04:00,209.95,210.92,209.4,210.05,7232741
2016-04-21 00:00:00-04:00,210.12,210.25,208.66,208.95,7741449
2016-04-22 00:00:00-04:00,208.55,209.285,207.91,208.98,8103416
2016-04-25 00:00:00-04:00,208.27,208.615,207.54,208.61,6394217
2016-04-26 00:00:00-04:00,209.05,209.52,208.37,208.97,5875195
2016-04-27 00:00:00-04:00,208.47,209.81,208.06,209.37,7713816
2016-04-28 00:00:00-04:00,208.46,209.76,206.97,207.49,8523487
2016-04-29 00:00:00-04:00,206.72,207.13,205.03,206.41,12643840
2016-05-02 00:00:00-04:00,206.92,208.18,206.41,207.98,6222976
2016-05-03 00:00:00-04:00,206.52,206.79,205.285,206.15,8786152
2016-05-04 00:00:00-04:00,204.99,205.83,204.42,205.01,8731469
2016-05-05 00:00:00-04:00,205.56,205.975,204.47,204.99,6225395
2016-05-06 00:00:00-04:00,204.07,205.76,203.88,205.71,8376453
2016-05-09 00:00:00-04:00,205.57,206.39,205.36,205.9,6372117
2016-05-10 00:00:00-04:00,206.72,208.46,206.65,208.42,6879279
2016-05-11 00:00:00-04:00,207.91,208.33,206.51,206.55,7039553
2016-05-12 00:00:00-04:00,207.29,207.48,205.37,206.57,8240504
2016-05-13 00:00:00-04:00,206.21,206.85,204.38,204.77,8835211
2016-05-16 00:00:00-04:00,204.96,207.33,204.89,206.81,7405241
2016-05-17 00:00:00-04:00,206.46,206.79,204.23,204.86,11529835
2016-05-18 00:00:00-04:00,204.44,206.29,203.63,204.94,12455116
2016-05-19 00:00:00-04:00,204.06,204.54,202.78,204.22,12051904
2016-05-20 00:00:00-04:00,204.92,206.1,204.87,205.46,8858570
2016-05-23 00:00:00-04:00,205.5,205.835,204.99,205.15,5438549
2016-05-24 00:00:00-04:00,206.17,208.24,206.14,207.84,7667017
2016-05-25 00:00:00-04:00,208.67,209.77,208.62,209.25,6988958
2016-05-26 00:00:00-04:00,209.44,209.71,208.97,209.32,4706694
2016-05-27 00:00:00-04:00,209.53,210.2,209.48,210.2,6287546
2016-05-31 00:00:00-04:00,210.54,210.69,209.18,209.94,8519536
2016-06-01 00:00:00-04:00,209.12,210.48,208.89,210.27,6344781
2016-06-02 00:00:00-04:00,209.8,210.91,209.24,210.9,6364764
2016-06-03 00:00:00-04:00,210.25,210.68,208.86,210.29,9314979
2016-06-06 00:00:00-04:00,210.7,211.76,210.52,211.36,6668556
2016-06-07 00:00:00-04:00,211.525,212.33,211.5,211.67,5646275
2016-06-08 00:00:00-04:00,211.84,212.51,211.695,212.35,6409243
2016-06-09 00:00:00-04:00,211.51,212.22,211.19,212.01,6580878
2016-06-10 00:00:00-04:00,210.46,210.85,209.435,210.07,9872325
2016-06-13 00:00:00-04:00,209.37,210.37,208.35,208.45,9737633
2016-06-14 00:00:00-04:00,208.01,208.74,206.92,208.09,12591512
2016-06-15 00:00:00-04:00,208.54,209.2,207.53,207.79,9599327
2016-06-16 00:00:00-04:00,206.72,208.565,205.59,208.42,12814433
2016-06-17 00:00:00-04:00,207.17,207.2,205.75,206.66,9600204
2016-06-20 00:00:00-04:00,208.82,209.6,207.75,207.87,8867534
2016-06-21 00:00:00-04:00,208.3,208.91,207.79,208.37,7223504
2016-06-22 00:00:00-04:00,208.66,209.49,207.93,208.05,9022418
2016-06-23 00:00:00-04:00,209.81,210.845,209.27,210.82,8800318
2016-06-24 00:00:00-04:00,203.63,206.9,202.72,203.22,32962900
2016-06-27 00:00:00-04:00,201.59,201.59,198.66,199.59,22832747
2016-06-28 00:00:00-04:00,201.48,203.2,201.12,203.19,16752808
2016-06-29 00:00:00-04:00,204.84,206.93,204.725,206.66,13181305
2016-06-30 00:00:00-04:00,207.21,209.51,206.57,209.51,14781843
2016-07-01 00:00:00-04:00,209.36,210.49,209.35,209.84,10060806
2016-07-05 00:00:00-04:00,208.95,209.07,207.715,208.44,9481524
2016-07-06 00:00:00-04:00,207.83,209.795,207.06,209.74,9987635
2016-07-07 00:00:00-04:00,209.9,210.64,208.63,209.52,8938313
2016-07-08 00:00:00-04:00,211.05,212.94,210.78,212.65,11690678
2016-07-11 00:00:00-04:00,213.19,214.065,212.95,213.39,7391594
2016-07-12 00:00:00-04:00,214.53,215.3,214.25,214.95,9901082
2016-07-13 00:00:00-04:00,215.44,215.45,214.36,214.94,8347842
2016-07-14 00:00:00-04:00,216.4,216.66,215.66,216.07,8502968
2016-07-15 00:00:00-04:00,216.78,216.81,215.31,215.82,7527385
2016-07-18 00:00:00-04:00,215.96,216.6,215.675,216.41,4384490
2016-07-19 00:00:00-04:00,215.91,216.22,215.64,216.15,4380936
2016-07-20 00:00:00-04:00,216.74,217.365,216.25,217.11,4542288
2016-07-21 00:00:00-04:00,216.96,217.21,215.75,216.25,5227224
2016-07-22 00:00:00-04:00,216.41,217.3,216.11,217.24,5214365
2016-07-25 00:00:00-04:00,217.0,217.06,215.97,216.66,4847761
2016-07-26 00:00:00-04:00,216.53,217.16,215.76,216.73,6510992
2016-07-27 00:00:00-04:00,217.19,217.26,215.63,216.54,8131242
2016-07-28 00:00:00-04:00,216.29,217.11,215.755,216.78,5825053
2016-07-29 00:00:00-04:00,216.47,217.54,216.13,217.115,7323331
2016-08-01 00:00:00-04:00,217.19,217.65,216.41,216.9,7425690
2016-08-02 00:00:00-04:00,216.65,216.82,214.58,215.56,9634054
2016-08-03 00:00:00-04:00,215.48,216.24,215.13,216.21,5249539
2016-08-04 00:00:00-04:00,216.31,216.77,215.83,216.41,4986097
2016-08-05 00:00:00-04:00,217.21,218.225,217.07,218.17,6274798
2016-08-08 00:00:00-04:00,218.4,218.52,217.75,218.02,4613636
2016-08-09 00:00:00-04:00,218.13,218.755,217.8,218.16,5114320
2016-08-10 00:00:00-04:00,218.31,218.4,217.23,217.63,5297443
2016-08-11 00:00:00-04:00,218.26,218.94,217.95,218.66,5320739
2016-08-12 00:00:00-04:00,218.29,218.71,218.0,218.44,4510826
2016-08-15 00:00:00-04:00,218.89,219.495,218.88,219.13,4286355
2016-08-16 00:00:00-04:00,218.59,218.68,217.97,217.98,5231642
2016-08-17 00:00:00-04:00,218.0,218.53,217.02,218.36,7775309
2016-08-18 00:00:00-04:00,218.33,218.89,218.215,218.88,5338372
2016-08-19 00:00:00-04:00,218.32,218.75,217.75,218.59,6194480
2016-08-22 00:00:00-04:00,218.26,218.8,217.83,218.5,5223587
2016-08-23 00:00:00-04:00,219.25,219.6,218.9,218.93,5080603
2016-08-24 00:00:00-04:00,218.8,218.91,217.37,217.85,5696067
2016-08-25 00:00:00-04:00,217.4,218.19,217.23,217.6,6001061
2016-08-26 00:00:00-04:00,217.92,219.11,216.25,217.23,13312572
2016-08-29 00:00:00-04:00,217.44,218.66,217.41,218.36,5911826
2016-08-30 00:00:00-04:00,218.26,218.59,217.35,217.96,5065014
2016-08-31 00:00:00-04:00,217.62,217.75,216.47,217.44,8238310
2016-09-01 00:00:00-04:00,217.37,217.73,216.04,217.4,9396499
2016-09-02 00:00:00-04:00,218.39,218.87,217.71,218.36,7879589
2016-09-06 00:00:00-04:00,218.69,219.05,217.86,219.05,5576350
2016-09-07 00:00:00-04:00,218.84,219.21,218.3,219.07,5280328
2016-09-08 00:00:00-04:00,218.62,218.94,218.16,218.53,6918351
2016-09-09 00:00:00-04:00,216.97,217.02,213.26,213.28,21249525
2016-09-12 00:00:00-04:00,212.39,216.81,212.31,216.38,16800950
2016-09-13 00:00:00-04:00,214.84,215.14,212.51,213.21,17188281
2016-09-14 00:00:00-04:00,213.29,214.7,212.51,213.14,12847233
2016-09-15 00:00:00-04:00,212.96,215.73,212.76,215.3,12416149
2016-09-16 00:00:00-04:00,213.48,213.69,212.58,213.35,11103308
2016-09-19 00:00:00-04:00,214.13,214.87,213.04,213.39,6210317
2016-09-20 00:00:00-04:00,214.41,214.59,213.39,213.41,4981090
2016-09-21 00:00:00-04:00,214.23,216.03,213.44,215.8,9618425
2016-09-22 00:00:00-04:00,217.0,217.53,216.715,217.18,6625530
2016-09-23 00:00:00-04:00,216.72,216.88,215.89,215.98,5984943
2016-09-26 00:00:00-04:00,215.05,215.23,214.01,214.24,6776968
2016-09-27 00:00:00-04:00,214.05,215.67,213.62,215.54,6729089
2016-09-28 00:00:00-04:00,215.83,216.82,214.73,216.67,7353433
2016-09-29 00:00:00-04:00,216.42,216.87,214.05,214.67,13548591
2016-09-30 00:00:00-04:00,215.65,217.11,215.36,216.34,9272796
2016-10-03 00:00:00-04:00,215.82,216.03,215.04,215.71,5793601
2016-10-04 00:00:00-04:00,215.91,216.17,213.99,214.7,10227889
2016-10-05 00:00:00-04:00,215.41,216.13,215.34,215.65,6184890
2016-10-06 00:00:00-04:00,215.37,216.04,214.74,215.84,4715555
2016-10-07 00:00:00-04:00,216.1,216.29,214.2,215.06,8198136
2016-10-10 00:00:00-04:00,216.155,216.695,215.99,216.12,3453057
2016-10-11 00:00:00-04:00,215.66,215.74,212.58,213.45,10878376
2016-10-12 00:00:00-04:00,213.6,214.32,213.01,213.71,5852464
2016-10-13 00:00:00-04:00,212.16,213.59,211.21,213.05,8104534
2016-10-14 00:00:00-04:00,214.15,214.69,213.03,213.09,7301102
2016-10-17 00:00:00-04:00,213.08,213.38,212.17,212.4,5208383
2016-10-18 00:00:00-04:00,214.24,214.29,213.27,213.68,5436245
2016-10-19 00:00:00-04:00,214.03,214.63,213.61,214.23,4584167
2016-10-20 00:00:00-04:00,213.87,214.53,213.12,213.89,6513518
2016-10-21 00:00:00-04:00,212.95,214.07,212.77,213.94,4313246
2016-10-24 00:00:00-04:00,214.99,215.31,214.48,214.86,4063899
2016-10-25 00:00:00-04:00,214.68,214.98,213.985,214.19,4971202
2016-10-26 00:00:00-04:00,213.21,214.41,212.93,213.75,6163336
2016-10-27 00:00:00-04:00,214.58,214.62,213.085,213.18,4993985
2016-10-28 00:00:00-04:00,213.14,213.92,211.72,212.49,10860467
2016-10-31 00:00:00-04:00,212.93,213.19,212.37,212.46,4755340
2016-11-01 00:00:00-04:00,212.92,212.99,209.6,211.03,10344303
2016-11-02 00:00:00-04:00,210.68,211.1,209.23,209.7,8335246
2016-11-03 00:00:00-04:00,209.99,210.24,208.46,208.84,7413068
2016-11-04 00:00:00-04:00,208.92,209.88,208.38,208.51,7179787
2016-11-07 00:00:00-05:00,211.45,213.19,211.31,213.1,8405610
2016-11-08 00:00:00-05:00,212.7,214.77,212.39,214.06,10707996
2016-11-09 00:00:00-05:00,212.37,217.1,212.34,216.36,21368867
2016-11-10 00:00:00-05:00,217.31,218.3,215.22,216.89,18432265
2016-11-11 00:00:00-05:00,216.1,216.695,215.32,216.47,8316967
2016-11-14 00:00:00-05:00,217.03,217.27,215.725,216.55,8123431
2016-11-15 00:00:00-05:00,217.04,218.275,216.81,218.25,7076963
2016-11-16 00:00:00-05:00,217.57,218.135,217.425,217.93,4698034
2016-11-17 00:00:00-05:00,218.04,219.06,217.93,218.95,5132331
2016-11-18 00:00:00-05:00,219.06,219.26,218.29,218.51,4790143
2016-11-21 00:00:00-05:00,219.17,220.18,219.01,220.12,5303435
2016-11-22 00:00:00-05:00,220.51,220.785,219.73,220.54,5114636
2016-11-23 00:00:00-05:00,219.98,220.755,219.75,220.72,4042256
2016-11-25 00:00:00-05:00,221.1,221.54,221.02,221.53,2083467
2016-11-28 00:00:00-05:00,221.16,221.48,220.37,220.53,5507208
2016-11-29 00:00:00-05:00,220.54,221.43,220.17,220.89,4427163
2016-11-30 00:00:00-05:00,221.63,221.81,220.38,220.38,6556998
2016-12-01 00:00:00-05:00,220.71,220.71,219.155,219.54,6798948
2016-12-02 00:00:00-05:00,219.67,220.25,219.26,219.66,5766080
2016-12-05 00:00:00-05:00,220.65,221.4,220.42,220.94,5054455
2016-12-06 00:00:00-05:00,221.21,221.74,220.67,221.67,4400014
2016-12-07 00:00:00-05:00,221.52,224.67,221.38,224.56,8117647
2016-12-08 00:00:00-05:00,224.57,225.69,224.26,225.12,7309348
2016-12-09 00:00:00-05:00,225.41,226.495,225.37,226.49,6199694
2016-12-12 00:00:00-05:00,226.4,226.95,225.77,226.22,6552380
2016-12-13 00:00:00-05:00,227.02,228.33,227.0,227.73,6666008
2016-12-14 00:00:00-05:00,227.41,228.22,225.37,225.93,10846057
2016-12-15 00:00:00-05:00,226.15,227.805,226.01,226.76,7875528
2016-12-16 00:00:00-05:00,226.01,226.08,224.68,225.07,7581037
2016-12-19 00:00:00-05:00,225.26,226.01,225.08,225.5,5126207
2016-12-20 00:00:00-05:00,226.16,226.57,225.88,226.37,4168861
2016-12-21 00:00:00-05:00,226.25,226.45,225.78,225.795,3347535
2016-12-22 00:00:00-05:00,225.6,225.73,224.93,225.4,3704151
2016-12-23 00:00:00-05:00,225.44,225.715,225.22,225.68,2334979
2016-12-27 00:00:00-05:00,226.02,226.72,226.02,226.24,3113401
2016-12-28 00:00:00-05:00,226.56,226.57,224.28,224.37,4023724
2016-12-29 00:00:00-05:00,224.48,224.88,223.84,224.34,3251000
2016-12-30 00:00:00-05:00,224.74,224.82,222.73,223.52,9541801
2017-01-03 00:00:00-05:00,225.07,225.83,223.89,225.17,6519213
2017-01-04 00:00:00-05:00,225.62,226.75,225.61,226.5,5153590
2017-01-05 00:00:00-05:00,226.27,226.58,225.49,226.35,4341189
2017-01-06 00:00:00-05:00,226.51,227.75,225.91,227.25,5174819
2017-01-09 00:00:00-05:00,226.9,227.07,226.42,226.49,3279616
2017-01-10 00:00:00-05:00,226.48,227.44,226.01,226.44,3422278
2017-01-11 00:00:00-05:00,226.36,227.05,225.59,227.05,6017354
2017-01-12 00:00:00-05:00,226.51,226.75,224.96,226.57,6238717
2017-01-13 00:00:00-05:00,226.78,227.4,226.69,227.02,3937405
2017-01-17 00:00:00-05:00,226.31,226.78,225.805,226.29,4126549
2017-01-18 00:00:00-05:00,226.53,226.79,225.91,226.74,4225677
2017-01-19 00:00:00-05:00,226.84,227.0,225.41,225.96,4827632
2017-01-20 00:00:00-05:00,226.7,227.31,226.05,226.69,7229192
2017-01-23 00:00:00-05:00,226.35,226.8,225.27,226.18,5354923
2017-01-24 00:00:00-05:00,226.39,228.07,226.28,227.58,5188035
2017-01-25 00:00:00-05:00,228.7,229.57,228.51,229.48,6419287
2017-01-26 00:00:00-05:00,229.4,229.71,229.02,229.3,4021508
2017-01-27 00:00:00-05:00,229.43,229.59,228.76,229.0,3564706
2017-01-30 00:00:00-05:00,228.14,228.2,226.42,227.62,6742531
2017-01-31 00:00:00-05:00,226.97,227.59,226.33,227.58,6122992
2017-02-01 00:00:00-05:00,228.255,228.58,226.94,227.63,6474564
2017-02-02 00:00:00-05:00,227.21,228.1,226.82,227.76,5391766
2017-02-03 00:00:00-05:00,228.82,229.55,228.47,229.37,6704399
2017-02-06 00:00:00-05:00,228.87,229.32,228.545,228.96,3965294
2017-02-07 00:00:00-05:00,229.38,229.65,228.73,228.97,4012930
2017-02-08 00:00:00-05:00,228.61,229.39,228.31,229.26,4025492
2017-02-09 00:00:00-05:00,229.56,230.95,229.53,230.58,4340526
2017-02-10 00:00:00-05:00,231.02,231.77,230.89,231.47,4792661
2017-02-13 00:00:00-05:00,232.09,233.07,232.05,232.73,4638986
2017-02-14 00:00:00-05:00,232.56,233.71,232.16,233.7,5319321
2017-02-15 00:00:00-05:00,233.44,235.13,233.39,234.87,6998376
2017-02-16 00:00:00-05:00,234.96,235.15,233.86,234.74,6882594
2017-02-17 00:00:00-05:00,233.97,235.06,233.94,235.05,4818546
2017-02-21 00:00:00-05:00,235.54,236.68,235.51,236.45,5475107
2017-02-22 00:00:00-05:00,236.02,236.54,235.83,236.29,4126947
2017-02-23 00:00:00-05:00,236.88,236.89,235.57,236.45,6229180
2017-02-24 00:00:00-05:00,235.46,236.79,235.41,236.78,6242074
2017-02-27 00:00:00-05:00,236.64,237.305,236.35,237.13,4303795
2017-02-28 00:00:00-05:00,236.67,236.94,236.015,236.49,6232581
2017-03-01 00:00:00-05:00,238.39,240.31,238.38,239.74,8058938
2017-03-02 00:00:00-05:00,239.56,239.56,238.21,238.33,5731529
2017-03-03 00:00:00-05:00,238.17,238.6,237.735,238.48,4784796
2017-03-06 00:00:00-05:00,237.5,238.12,237.01,237.75,3805582
2017-03-07 00:00:00-05:00,237.36,237.77,236.77,237.05,4363014
2017-03-08 00:00:00-05:00,237.34,237.63,236.41,236.61,5658383
2017-03-09 00:00:00-05:00,236.7,237.24,235.74,236.83,5900024
2017-03-10 00:00:00-05:00,237.98,238.02,236.59,237.62,6445584
2017-03-13 00:00:00-04:00,237.61,237.85,237.25,237.75,4432640
2017-03-14 00:00:00-04:00,237.2,237.23,236.19,236.94,4597195
2017-03-15 00:00:00-04:00,237.59,239.43,237.29,238.91,7422645
2017-03-16 00:00:00-04:00,239.11,239.19,238.1,238.54,5686412
2017-03-17 00:00:00-04:00,237.75,237.965,237.12,237.13,4412859
2017-03-20 00:00:00-04:00,237.03,237.36,236.33,236.74,4164429
2017-03-21 00:00:00-04:00,237.47,237.61,233.585,233.81,12348996
2017-03-22 00:00:00-04:00,233.77,234.6,233.05,234.27,8667377
2017-03-23 00:00:00-04:00,234.0,235.33,233.6,234.04,8517090
2017-03-24 00:00:00-04:00,234.38,235.035,232.96,233.88,9391268
2017-03-27 00:00:00-04:00,231.93,233.91,231.61,233.59,6334852
2017-03-28 00:00:00-04:00,233.27,235.81,233.14,235.28,6585870
2017-03-29 00:00:00-04:00,234.99,235.805,234.73,235.59,4795779
2017-03-30 00:00:00-04:00,235.47,236.515,235.28,236.27,4076345
2017-03-31 00:00:00-04:00,235.9,236.505,235.69,235.73,5247022
2017-04-03 00:00:00-04:00,235.8,236.03,233.92,235.37,5906859
2017-04-04 00:00:00-04:00,234.95,235.57,234.56,235.51,4458239
2017-04-05 00:00:00-04:00,236.27,237.39,234.55,234.78,9394296
2017-04-06 00:00:00-04:00,234.95,236.04,234.43,235.39,5160272
2017-04-07 00:00:00-04:00,235.15,236.0,234.64,235.17,5255162
2017-04-10 00:00:00-04:00,235.37,236.25,234.75,235.33,4252595
2017-04-11 00:00:00-04:00,234.89,235.18,233.34,235.04,6781700
2017-04-12 00:00:00-04:00,234.76,234.95,233.77,234.1,6468110
2017-04-13 00:00:00-04:00,233.63,234.49,232.55,232.55,6941908
2017-04-17 00:00:00-04:00,233.09,234.57,232.88,234.56,4605859
2017-04-18 00:00:00-04:00,233.72,234.48,233.08,233.87,5138220
2017-04-19 00:00:00-04:00,234.55,234.95,233.18,233.48,5964085
2017-04-20 00:00:00-04:00,234.15,235.845,233.78,235.3,6852335
2017-04-21 00:00:00-04:00,235.28,235.31,234.13,234.59,6402685
2017-04-24 00:00:00-04:00,237.18,237.41,236.61,237.12,8229952
2017-04-25 00:00:00-04:00,237.9,238.95,237.81,238.53,7316218
2017-04-26 00:00:00-04:00,238.52,239.53,238.35,238.44,6825330
2017-04-27 00:00:00-04:00,238.77,238.95,237.98,238.61,4877209
2017-04-28 00:00:00-04:00,238.9,238.93,237.93,238.11,4550877
2017-05-01 00:00:00-04:00,238.69,239.17,238.2,238.65,4384989
2017-05-02 00:00:00-04:00,238.84,238.975,238.3,238.79,4591573
2017-05-03 00:00:00-04:00,238.32,238.73,237.71,238.53,6408388
2017-05-04 00:00:00-04:00,238.83,238.92,237.785,238.74,5601322
2017-05-05 00:00:00-04:00,239.19,239.71,238.69,239.71,5447355
2017-05-08 00:00:00-04:00,239.76,239.92,239.175,239.67,4012984
2017-05-09 00:00:00-04:00,239.96,240.18,239.05,239.46,5551173
2017-05-10 00:00:00-04:00,239.38,239.87,239.155,239.86,4152780
2017-05-11 00:00:00-04:00,239.35,239.57,238.135,239.42,5700682
2017-05-12 00:00:00-04:00,239.09,239.21,238.67,239.03,4409089
2017-05-15 00:00:00-04:00,239.475,240.44,239.45,240.25,5077177
2017-05-16 00:00:00-04:00,240.63,240.67,239.63,240.09,4965832
2017-05-17 00:00:00-04:00,238.1,238.64,235.75,235.91,14445158
2017-05-18 00:00:00-04:00,235.73,237.75,235.44,236.73,9938059
2017-05-19 00:00:00-04:00,237.33,239.07,237.28,238.3,6855992
2017-05-22 00:00:00-04:00,238.9,239.71,238.82,239.54,3434691
2017-05-23 00:00:00-04:00,239.95,240.24,239.52,240.02,3529811
2017-05-24 00:00:00-04:00,240.32,240.73,239.94,240.58,3930672
2017-05-25 00:00:00-04:00,241.21,242.08,240.97,241.71,4719003
2017-05-26 00:00:00-04:00,241.55,241.9,241.45,241.75,3217034
2017-05-30 00:00:00-04:00,241.34,241.79,241.16,241.52,3212917
2017-05-31 00:00:00-04:00,241.86,241.88,240.64,241.44,5589889
2017-06-01 00:00:00-04:00,241.965,243.31,241.65,243.3,5545566
2017-06-02 00:00:00-04:00,243.42,244.35,243.09,244.08,5771543
2017-06-05 00:00:00-04:00,243.98,244.3,243.76,243.96,2684511
2017-06-06 00:00:00-04:00,243.3,243.97,243.125,243.25,3400592
2017-06-07 00:00:00-04:00,243.6,243.91,242.83,243.66,4035588
2017-06-08 00:00:00-04:00,243.77,244.33,243.17,243.76,5119443
2017-06-09 00:00:00-04:00,244.09,245.01,241.95,243.45,10697649
2017-06-12 00:00:00-04:00,243.13,243.42,242.38,243.34,6560593
2017-06-13 00:00:00-04:00,243.98,244.6,243.58,244.52,4337277
2017-06-14 00:00:00-04:00,244.85,244.86,243.29,244.26,6742810
2017-06-15 00:00:00-04:00,242.68,243.905,242.37,243.79,5555123
2017-06-16 00:00:00-04:00,242.77,242.8,241.64,242.63,4867364
2017-06-19 00:00:00-04:00,243.6,244.725,243.49,244.64,4361441
2017-06-20 00:00:00-04:00,244.25,244.26,242.99,243.04,4161180
2017-06-21 00:00:00-04:00,243.42,243.59,242.42,242.95,4761517
2017-06-22 00:00:00-04:00,242.96,243.53,242.65,242.84,3593614
2017-06-23 00:00:00-04:00,242.92,243.51,242.47,243.15,5134880
2017-06-26 00:00:00-04:00,243.9,244.38,243.05,243.27,4112190
2017-06-27 00:00:00-04:00,243.035,243.38,241.31,241.35,7604431
2017-06-28 00:00:00-04:00,242.5,243.71,242.24,243.46,5622415
2017-06-29 00:00:00-04:00,243.67,243.71,239.96,241.4,10684765
2017-06-30 00:00:00-04:00,242.32,242.7,241.58,241.77,5713825
2017-07-03 00:00:00-04:00,242.91,243.37,242.29,242.33,2959299
2017-07-05 00:00:00-04:00,242.63,243.0,241.72,242.77,4678507
2017-07-06 00:00:00-04:00,241.885,242.03,240.34,240.57,6496388
2017-07-07 00:00:00-04:00,241.21,242.28,241.02,242.09,4283647
2017-07-10 00:00:00-04:00,241.95,242.8,241.77,242.35,3360778
2017-07-11 00:00:00-04:00,242.16,242.545,240.85,242.16,4710817
2017-07-12 00:00:00-04:00,243.32,244.2,243.32,243.98,4895178
2017-07-13 00:00:00-04:00,244.02,244.55,243.77,244.4,3189641
2017-07-14 00:00:00-04:00,244.42,245.97,244.31,245.54,5273959
2017-07-17 00:00:00-04:00,245.47,245.91,245.34,245.5,2540382
2017-07-18 00:00:00-04:00,245.06,245.72,244.67,245.67,4071509
2017-07-19 00:00:00-04:00,246.02,246.995,246.02,246.98,3969121
2017-07-20 00:00:00-04:00,247.28,247.41,246.47,247.08,4028567
2017-07-21 00:00:00-04:00,246.45,246.91,246.18,246.89,4836580
2017-07-24 00:00:00-04:00,246.8,246.98,246.29,246.8,3241829
2017-07-25 00:00:00-04:00,247.68,247.795,247.16,247.38,4141310
2017-07-26 00:00:00-04:00,247.76,247.79,247.13,247.45,4561252
2017-07-27 00:00:00-04:00,247.96,247.99,245.68,247.22,7407674
2017-07-28 00:00:00-04:00,246.66,247.055,246.14,246.9,4226824
2017-07-31 00:00:00-04:00,247.37,247.47,246.53,246.75,4288281
2017-08-01 00:00:00-04:00,247.46,247.49,246.8,247.29,3886177
2017-08-02 00:00:00-04:00,247.51,247.6,246.37,247.43,4424103
2017-08-03 00:00:00-04:00,247.33,247.33,246.64,246.97,3532004
2017-08-04 00:00:00-04:00,247.52,247.78,246.97,247.4,4915717
2017-08-07 00:00:00-04:00,247.55,247.87,247.37,247.85,2532838
2017-08-08 00:00:00-04:00,247.51,248.9,246.83,247.32,5034553
2017-08-09 00:00:00-04:00,246.47,247.305,246.06,247.23,6538430
2017-08-10 00:00:00-04:00,246.28,246.44,243.705,243.78,12992082
2017-08-11 00:00:00-04:00,244.02,244.8,243.75,244.1,7857388
2017-08-14 00:00:00-04:00,245.59,246.79,245.56,246.52,6925658
2017-08-15 00:00:00-04:00,246.98,246.99,246.16,246.51,5002872
2017-08-16 00:00:00-04:00,247.13,247.56,246.46,246.92,6727085
2017-08-17 00:00:00-04:00,246.24,246.6,243.1,243.12,12784646
2017-08-18 00:00:00-04:00,242.91,244.18,242.21,242.68,11462166
2017-08-21 00:00:00-04:00,242.64,243.2,241.83,242.92,7118913
2017-08-22 00:00:00-04:00,243.57,245.615,243.55,245.38,6933613
2017-08-23 00:00:00-04:00,244.33,245.04,244.16,244.53,5371087
2017-08-24 00:00:00-04:00,245.0,245.17,243.75,244.03,5500284
2017-08-25 00:00:00-04:00,244.9,245.61,244.39,244.52,5669201
2017-08-28 00:00:00-04:00,245.145,245.19,244.1,244.58,3384434
2017-08-29 00:00:00-04:00,243.06,245.14,242.97,244.87,5333733
2017-08-30 00:00:00-04:00,244.82,246.32,244.62,246.02,5633625
2017-08-31 00:00:00-04:00,246.73,247.77,246.61,247.36,7487164
2017-09-01 00:00:00-04:00,247.93,248.32,247.68,247.88,4537117
2017-09-05 00:00:00-04:00,247.24,247.51,244.95,246.09,8575177
2017-09-06 00:00:00-04:00,246.85,247.28,246.23,246.91,5524370
2017-09-07 00:00:00-04:00,247.25,247.27,246.41,246.9,4928989
2017-09-08 00:00:00-04:00,246.52,247.1,246.31,246.55,4431351
2017-09-11 00:00:00-04:00,248.05,249.3,248.02,249.17,5691150
2017-09-12 00:00:00-04:00,249.64,250.07,249.42,250.07,5179333
2017-09-13 00:00:00-04:00,249.72,250.21,249.59,250.18,3428929
2017-09-14 00:00:00-04:00,249.82,250.32,249.6,250.1,4972748
2017-09-15 00:00:00-04:00,248.71,249.29,248.57,249.24,4667359
2017-09-18 00:00:00-04:00,249.61,250.11,249.28,249.7,4011199
2017-09-19 00:00:00-04:00,249.99,250.07,249.61,249.96,3172706
2017-09-20 00:00:00-04:00,250.07,250.18,248.94,250.09,5879432
2017-09-21 00:00:00-04:00,249.9,249.97,249.19,249.4,3397559
2017-09-22 00:00:00-04:00,249.02,249.62,249.02,249.42,3991923
2017-09-25 00:00:00-04:00,249.14,249.55,248.08,248.935,5251883
2017-09-26 00:00:00-04:00,249.44,249.69,248.81,249.06,4501563
2017-09-27 00:00:00-04:00,249.88,250.48,248.88,250.03,7211275
2017-09-28 00:00:00-04:00,249.73,250.43,249.63,250.34,3344685
2017-09-29 00:00:00-04:00,250.33,251.31,250.14,251.21,4869349
2017-10-02 00:00:00-04:00,251.49,252.3,251.4,252.28,4419353
2017-10-03 00:00:00-04:00,252.46,252.88,252.23,252.84,3868250
2017-10-04 00:00:00-04:00,252.7,253.435,252.57,253.17,3443387
2017-10-05 00:00:00-04:00,253.52,254.68,253.4,254.65,5599657
2017-10-06 00:00:00-04:00,254.16,254.45,253.85,254.4,5418542
2017-10-09 00:00:00-04:00,254.2,254.41,253.65,253.97,2326128
2017-10-10 00:00:00-04:00,254.6,255.045,253.985,254.6,4022020
2017-10-11 00:00:00-04:00,254.52,255.02,254.325,255.0,3443364
2017-10-12 00:00:00-04:00,254.66,255.06,254.37,254.61,4508030
2017-10-13 00:00:00-04:00,255.145,255.27,254.76,254.9,4207943
2017-10-16 00:00:00-04:00,255.21,255.5,254.82,255.29,3397819
2017-10-17 00:00:00-04:00,255.23,255.52,254.99,255.46,3306639
2017-10-18 00:00:00-04:00,255.91,255.95,255.5,255.7,3139559
2017-10-19 00:00:00-04:00,254.83,255.81,254.35,255.81,4962192
2017-10-20 00:00:00-04:00,256.7,257.14,256.43,257.08,5309145
2017-10-23 00:00:00-04:00,257.48,257.48,256.02,256.12,4277310
2017-10-24 00:00:00-04:00,256.59,256.825,256.15,256.53,6201935
2017-10-25 00:00:00-04:00,256.19,256.31,254.005,255.27,10434082
2017-10-26 00:00:00-04:00,255.99,256.3,255.56,255.68,5126167
2017-10-27 00:00:00-04:00,256.49,257.89,256.16,257.65,6170839
2017-10-30 00:00:00-04:00,257.07,257.59,256.42,256.8,4208411
2017-10-31 00:00:00-04:00,257.18,257.44,256.805,257.15,4393752
2017-11-01 00:00:00-04:00,258.04,258.43,257.07,257.51,5203562
2017-11-02 00:00:00-04:00,257.41,257.74,256.2,257.61,6722195
2017-11-03 00:00:00-04:00,257.82,258.5,257.305,258.44,4431148
2017-11-06 00:00:00-05:00,258.295,258.995,258.23,258.83,2886600
2017-11-07 00:00:00-05:00,258.98,259.35,258.09,258.69,5349675
2017-11-08 00:00:00-05:00,258.44,259.22,258.16,259.12,5249668
2017-11-09 00:00:00-05:00,257.73,258.39,256.36,258.19,10091878
2017-11-10 00:00:00-05:00,257.73,258.21,257.37,258.07,4517884
2017-11-13 00:00:00-05:00,257.31,258.585,257.27,258.31,3604266
2017-11-14 00:00:00-05:00,257.41,257.85,256.52,257.74,5357538
2017-11-15 00:00:00-05:00,256.68,257.22,255.65,256.45,6995150
2017-11-16 00:00:00-05:00,257.52,259.035,257.48,258.59,6026856
2017-11-17 00:00:00-05:00,258.22,258.44,257.78,257.88,5075257
2017-11-20 00:00:00-05:00,258.12,258.525,257.86,258.27,3668544
2017-11-21 00:00:00-05:00,259.18,260.2,259.11,259.95,5330709
2017-11-22 00:00:00-05:00,260.0,260.15,259.58,259.78,3476906
2017-11-24 00:00:00-05:00,260.27,260.48,260.16,260.36,1628297
2017-11-27 00:00:00-05:00,260.41,260.75,260.0,260.26,4053268
2017-11-28 00:00:00-05:00,260.76,262.9,260.66,262.81,9043278
2017-11-29 00:00:00-05:00,263.02,263.63,262.2,262.73,7530689
2017-11-30 00:00:00-05:00,263.76,266.05,263.67,265.06,12201084
2017-12-01 00:00:00-05:00,264.76,265.31,260.78,264.42,16793438
2017-12-04 00:00:00-05:00,266.31,266.8,264.12,264.12,9161088
2017-12-05 00:00:00-05:00,264.43,265.14,263.04,263.21,8450991
2017-12-06 00:00:00-05:00,262.87,263.73,262.72,263.24,5618137
2017-12-07 00:00:00-05:00,263.1,264.43,262.95,264.03,5689377
2017-12-08 00:00:00-05:00,265.01,265.52,264.73,265.48,5786849
2017-12-11 00:00:00-05:00,265.58,266.38,265.49,266.32,6527926
2017-12-12 00:00:00-05:00,266.57,267.315,266.35,266.81,5877660
2017-12-13 00:00:00-05:00,267.06,267.56,266.65,266.7,7411895
2017-12-14 00:00:00-05:00,267.12,267.21,265.6,265.64,9660869
2017-12-15 00:00:00-05:00,265.45,267.04,265.395,266.55,9184721
2017-12-18 00:00:00-05:00,268.08,268.59,267.98,268.17,6224849
2017-12-19 00:00:00-05:00,268.48,268.52,267.1,267.2,6041358
2017-12-20 00:00:00-05:00,268.27,268.33,266.7,267.06,5950509
2017-12-21 00:00:00-05:00,267.74,268.38,267.305,267.57,4840785
2017-12-22 00:00:00-05:00,267.6,267.635,266.91,267.49,4904151
2017-12-26 00:00:00-05:00,267.05,267.38,266.89,267.15,3200951
2017-12-27 00:00:00-05:00,267.38,267.73,267.02,267.33,4865660
2017-12-28 00:00:00-05:00,267.89,267.92,267.455,267.86,2991108
2017-12-29 00:00:00-05:00,268.52,268.53,266.64,266.84,5349683
2018-01-02 00:00:00-05:00,267.84,268.81,267.4,268.79,7449489
2018-01-03 00:00:00-05:00,268.98,270.64,268.97,270.34,7291517
2018-01-04 00:00:00-05:00,271.21,272.16,271.11,271.64,5560001
2018-01-05 00:00:00-05:00,272.53,273.56,271.95,273.42,6303060
2018-01-08 00:00:00-05:00,273.31,274.095,272.985,273.91,4512580
2018-01-09 00:00:00-05:00,274.4,275.24,274.09,274.45,5854634
2018-01-10 00:00:00-05:00,273.68,274.42,272.92,274.1,5575238
2018-01-11 00:00:00-05:00,274.75,276.09,274.57,276.09,5314348
2018-01-12 00:00:00-05:00,276.4,278.1,276.28,277.94,6488165
2018-01-16 00:00:00-05:00,279.35,280.09,276.18,276.98,9358967
2018-01-17 00:00:00-05:00,278.03,280.04,277.2,279.59,6843083
2018-01-18 00:00:00-05:00,279.48,279.96,278.58,279.17,6665226
2018-01-19 00:00:00-05:00,279.8,280.39,279.14,280.39,7573730
2018-01-22 00:00:00-05:00,280.17,282.63,280.12,282.62,6854487
2018-01-23 00:00:00-05:00,282.74,283.62,282.37,283.26,7384220
2018-01-24 00:00:00-05:00,284.0,284.69,281.84,283.21,9964146
2018-01-25 00:00:00-05:00,284.16,284.26,282.41,283.3,7860616
2018-01-26 00:00:00-05:00,284.25,286.58,283.96,286.54,8230334
2018-01-29 00:00:00-05:00,285.93,286.43,284.505,284.68,8409252
2018-01-30 00:00:00-05:00,282.6,283.28,281.22,281.64,10732026
2018-01-31 00:00:00-05:00,282.73,283.3,280.68,281.92,10457729
2018-02-01 00:00:00-05:00,281.06,283.06,280.69,281.66,8078689
2018-02-02 00:00:00-05:00,280.02,280.23,275.41,275.51,16076340
2018-02-05 00:00:00-05:00,273.45,275.84,263.31,264.18,25687416
2018-02-06 00:00:00-05:00,259.94,269.69,258.71,268.69,24578443
2018-02-07 00:00:00-05:00,268.36,272.36,267.65,267.67,15214802
2018-02-08 00:00:00-05:00,268.13,268.16,257.6,257.65,19573047
2018-02-09 00:00:00-05:00,260.83,263.6,252.92,261.555,23467802
2018-02-12 00:00:00-05:00,263.83,267.0,261.88,265.33,9795894
2018-02-13 00:00:00-05:00,263.97,266.615,263.33,266.06,6466474
2018-02-14 00:00:00-05:00,264.31,270.0,264.31,269.69,8756338
2018-02-15 00:00:00-05:00,271.59,272.99,268.79,272.99,7405979
2018-02-16 00:00:00-05:00,272.32,275.31,272.3,273.05,10330665
2018-02-20 00:00:00-05:00,272.03,273.67,270.5,271.43,7706354
2018-02-21 00:00:00-05:00,271.89,274.72,269.98,270.08,9692970
2018-02-22 00:00:00-05:00,271.12,273.05,269.64,270.33,8885315
2018-02-23 00:00:00-05:00,271.85,274.68,271.25,274.65,7878570
2018-02-26 00:00:00-05:00,275.91,278.01,275.26,277.89,7229849
2018-02-27 00:00:00-05:00,278.11,278.92,274.48,274.51,10318156
2018-02-28 00:00:00-05:00,275.71,276.18,271.38,271.39,11669912
2018-03-01 00:00:00-05:00,271.41,273.17,266.005,267.75,20040523
2018-03-02 00:00:00-05:00,265.8,269.72,264.82,269.26,14965984
2018-03-05 00:00:00-05:00,267.71,272.89,267.61,272.19,10313600
2018-03-06 00:00:00-05:00,273.32,273.35,271.18,272.86,7234754
2018-03-07 00:00:00-05:00,270.42,273.17,270.21,272.8,7794432
2018-03-08 00:00:00-05:00,273.54,274.24,272.42,274.05,6028242
2018-03-09 00:00:00-05:00,275.69,278.85,275.34,278.81,8257985
2018-03-12 00:00:00-04:00,279.2,279.91,278.09,278.55,6064554
2018-03-13 00:00:00-04:00,279.86,280.41,276.03,276.74,8106504
2018-03-14 00:00:00-04:00,277.81,278.02,274.68,275.25,9099000
2018-03-15 00:00:00-04:00,275.88,276.6,274.44,275.05,5500735
2018-03-16 00:00:00-04:00,274.5,275.38,274.16,274.32,5614550
2018-03-19 00:00:00-04:00,273.37,273.38,268.63,270.52,10676786
2018-03-20 00:00:00-04:00,270.96,271.665,270.18,270.87,4866157
2018-03-21 00:00:00-04:00,270.9,273.27,270.19,270.46,7911606
2018-03-22 00:00:00-04:00,267.89,268.85,263.37,263.675,14522928
2018-03-23 00:00:00-04:00,264.19,265.02,257.83,258.32,15875392
2018-03-26 00:00:00-04:00,262.13,265.43,259.41,265.12,10336289
2018-03-27 00:00:00-04:00,266.18,266.77,258.865,260.48,13996628
2018-03-28 00:00:00-04:00,260.75,262.63,258.59,259.75,15105045
2018-03-29 00:00:00-04:00,261.11,265.26,260.29,263.51,11890980
2018-04-02 00:00:00-04:00,262.55,263.13,254.68,257.38,17697763
2018-04-03 00:00:00-04:00,258.86,261.31,256.84,260.79,12289170
2018-04-04 00:00:00-04:00,256.73,264.35,256.61,263.78,11716089
2018-04-05 00:00:00-04:00,265.54,266.635,264.33,265.73,8257114
2018-04-06 00:00:00-04:00,263.42,265.1,258.0,259.84,16819175
2018-04-09 00:00:00-04:00,261.5,264.84,260.55,260.75,10003347
2018-04-10 00:00:00-04:00,264.28,266.04,263.0,265.17,11335649
2018-04-11 00:00:00-04:00,263.47,265.64,263.39,263.76,7544673
2018-04-12 00:00:00-04:00,265.29,267.0,265.06,265.89,6122426
2018-04-13 00:00:00-04:00,267.41,267.54,264.01,265.16,6628276
2018-04-16 00:00:00-04:00,267.0,268.2,266.08,267.35,5240956
2018-04-17 00:00:00-04:00,269.33,270.87,268.75,270.13,5018536
2018-04-18 00:00:00-04:00,270.69,271.29,269.88,270.37,4080762
2018-04-19 00:00:00-04:00,269.65,269.88,267.72,268.86,6210066
2018-04-20 00:00:00-04:00,268.81,269.05,265.61,266.63,6394354
2018-04-23 00:00:00-04:00,267.26,267.88,265.36,266.58,4084677
2018-04-24 00:00:00-04:00,267.74,267.96,261.28,262.99,10300372
2018-04-25 00:00:00-04:00,262.91,264.13,260.85,263.56,7643543
2018-04-26 00:00:00-04:00,264.81,267.24,264.29,266.34,5338153
2018-04-27 00:00:00-04:00,267.03,267.34,265.5,266.58,4345694
2018-04-30 00:00:00-04:00,267.25,267.89,264.43,264.46,5711658
2018-05-01 00:00:00-04:00,263.91,265.1,262.12,264.99,6157045
2018-05-02 00:00:00-04:00,264.78,265.68,262.76,263.2,7073297
2018-05-03 00:00:00-04:00,262.25,263.36,259.05,262.61,12582450
2018-05-04 00:00:00-04:00,261.48,266.78,261.15,266.0,5816655
2018-05-07 00:00:00-04:00,266.89,268.02,266.12,266.98,3953340
2018-05-08 00:00:00-04:00,266.47,267.315,265.15,266.9,5560780
2018-05-09 00:00:00-04:00,267.68,269.86,267.1,269.465,4350701
2018-05-10 00:00:00-04:00,270.36,272.39,270.23,272.05,4592691
2018-05-11 00:00:00-04:00,272.16,273.15,271.59,272.64,3711493
2018-05-14 00:00:00-04:00,273.35,274.08,272.37,272.88,3984685
2018-05-15 00:00:00-04:00,271.59,271.61,270.04,271.0,6591872
2018-05-16 00:00:00-04:00,271.14,272.755,271.12,272.21,3492118
2018-05-17 00:00:00-04:00,271.95,273.22,271.13,272.0,3997878
2018-05-18 00:00:00-04:00,271.62,272.03,270.93,271.35,3604068
